,date,open,high,low,close,volume
0,2019-02-01 09:15:00+05:30,421.2,423.15,420.1,421.7,130731
1,2019-02-01 09:20:00+05:30,421.9,422.5,420.5,421.55,63657
2,2019-02-01 09:25:00+05:30,421.55,423.0,420.8,420.8,39855
3,2019-02-01 09:30:00+05:30,420.95,422.5,420.95,422.4,54955
4,2019-02-01 09:35:00+05:30,422.4,424.5,422.4,422.85,84683
5,2019-02-01 09:40:00+05:30,423.0,423.85,422.0,422.45,36996
6,2019-02-01 09:45:00+05:30,422.45,422.45,421.35,422.0,21861
7,2019-02-01 09:50:00+05:30,422.0,423.0,421.75,421.75,20690
8,2019-02-01 09:55:00+05:30,421.75,422.45,420.6,422.0,32713
9,2019-02-01 10:00:00+05:30,422.0,422.7,421.5,421.55,16831
10,2019-02-01 10:05:00+05:30,421.55,421.9,420.6,421.05,32060
11,2019-02-01 10:10:00+05:30,420.95,421.55,420.25,420.4,28428
12,2019-02-01 10:15:00+05:30,420.4,421.8,420.25,421.65,21690
13,2019-02-01 10:20:00+05:30,421.65,422.85,421.15,421.9,29845
14,2019-02-01 10:25:00+05:30,421.9,422.7,421.5,421.9,35184
15,2019-02-01 10:30:00+05:30,421.9,421.95,421.1,421.8,18293
16,2019-02-01 10:35:00+05:30,421.8,421.9,420.0,420.3,41018
17,2019-02-01 10:40:00+05:30,420.3,421.6,420.3,421.05,20162
18,2019-02-01 10:45:00+05:30,421.05,421.75,420.6,421.2,11298
19,2019-02-01 10:50:00+05:30,421.2,422.0,421.0,421.8,15857
20,2019-02-01 10:55:00+05:30,421.8,422.0,420.6,420.85,13787
21,2019-02-01 11:00:00+05:30,420.85,422.4,420.6,421.85,23320
22,2019-02-01 11:05:00+05:30,422.05,422.05,421.0,421.05,8648
23,2019-02-01 11:10:00+05:30,421.05,422.0,420.6,421.15,16517
24,2019-02-01 11:15:00+05:30,421.15,421.7,420.05,420.8,46893
25,2019-02-01 11:20:00+05:30,420.8,420.95,419.5,419.95,53149
26,2019-02-01 11:25:00+05:30,419.95,420.95,419.65,420.75,39912
27,2019-02-01 11:30:00+05:30,420.45,420.9,420.1,420.35,23022
28,2019-02-01 11:35:00+05:30,420.35,421.6,420.35,421.0,24404
29,2019-02-01 11:40:00+05:30,421.0,421.15,420.05,420.15,34475
30,2019-02-01 11:45:00+05:30,420.2,420.7,420.0,420.25,14576
31,2019-02-01 11:50:00+05:30,420.35,420.8,419.0,419.2,50692
32,2019-02-01 11:55:00+05:30,419.2,419.3,417.2,417.5,59487
33,2019-02-01 12:00:00+05:30,417.5,418.8,417.0,418.75,40225
34,2019-02-01 12:05:00+05:30,418.75,418.85,418.0,418.15,30282
35,2019-02-01 12:10:00+05:30,418.15,418.8,417.6,418.55,40706
36,2019-02-01 12:15:00+05:30,418.55,419.7,418.45,418.6,37780
37,2019-02-01 12:20:00+05:30,418.65,420.45,418.5,420.0,49576
38,2019-02-01 12:25:00+05:30,420.0,422.25,419.85,421.15,96569
39,2019-02-01 12:30:00+05:30,421.3,421.8,421.1,421.75,31883
40,2019-02-01 12:35:00+05:30,421.8,422.35,421.1,422.1,63280
41,2019-02-01 12:40:00+05:30,422.0,422.0,420.35,420.65,52415
42,2019-02-01 12:45:00+05:30,420.65,420.7,419.7,420.4,40595
43,2019-02-01 12:50:00+05:30,419.5,422.4,419.5,422.2,51564
44,2019-02-01 12:55:00+05:30,422.2,428.0,421.55,426.8,298731
45,2019-02-01 13:00:00+05:30,426.75,427.0,426.0,426.25,113398
46,2019-02-01 13:05:00+05:30,426.5,426.75,425.6,426.35,68346
47,2019-02-01 13:10:00+05:30,426.35,426.9,425.25,425.65,48816
48,2019-02-01 13:15:00+05:30,425.65,425.7,424.1,424.1,51223
49,2019-02-01 13:20:00+05:30,424.1,424.95,423.4,424.35,42601
50,2019-02-01 13:25:00+05:30,424.45,426.6,424.15,424.9,84367
51,2019-02-01 13:30:00+05:30,424.9,425.95,424.1,424.4,48526
52,2019-02-01 13:35:00+05:30,424.4,425.2,423.6,423.8,36574
53,2019-02-01 13:40:00+05:30,423.85,424.85,423.5,423.55,35301
54,2019-02-01 13:45:00+05:30,423.55,424.0,422.1,422.25,52639
55,2019-02-01 13:50:00+05:30,422.25,423.35,421.85,422.95,50354
56,2019-02-01 13:55:00+05:30,422.95,422.95,420.9,421.2,50549
57,2019-02-01 14:00:00+05:30,421.05,421.25,418.5,418.7,100619
58,2019-02-01 14:05:00+05:30,418.7,420.45,418.1,419.0,68389
59,2019-02-01 14:10:00+05:30,419.0,420.85,418.5,420.0,44643
60,2019-02-01 14:15:00+05:30,420.05,421.35,419.25,420.6,38233
61,2019-02-01 14:20:00+05:30,420.65,421.3,420.1,420.9,27445
62,2019-02-01 14:25:00+05:30,421.0,421.1,418.95,418.95,39912
63,2019-02-01 14:30:00+05:30,418.95,419.65,418.2,419.3,53395
64,2019-02-01 14:35:00+05:30,419.25,420.8,418.65,420.55,34465
65,2019-02-01 14:40:00+05:30,420.8,421.1,419.85,421.0,52967
66,2019-02-01 14:45:00+05:30,421.05,422.5,420.1,421.25,63389
67,2019-02-01 14:50:00+05:30,421.5,421.7,419.9,420.9,28176
68,2019-02-01 14:55:00+05:30,421.0,421.5,420.1,421.0,30547
69,2019-02-01 15:00:00+05:30,421.35,423.9,420.85,423.3,116988
70,2019-02-01 15:05:00+05:30,423.4,425.5,422.7,425.35,119958
71,2019-02-01 15:10:00+05:30,425.4,425.4,422.8,422.8,102332
72,2019-02-01 15:15:00+05:30,422.95,423.8,421.35,423.05,135439
73,2019-02-01 15:20:00+05:30,423.05,423.2,421.85,422.2,119411
74,2019-02-01 15:25:00+05:30,422.2,422.85,422.05,422.15,84751
75,2019-02-04 09:15:00+05:30,422.3,423.0,419.15,420.1,86322
76,2019-02-04 09:20:00+05:30,420.1,421.25,419.15,421.1,37513
77,2019-02-04 09:25:00+05:30,421.2,421.35,418.5,419.55,58610
78,2019-02-04 09:30:00+05:30,419.4,420.65,418.7,419.4,33827
79,2019-02-04 09:35:00+05:30,419.5,420.75,418.25,418.35,34806
80,2019-02-04 09:40:00+05:30,418.45,418.7,416.9,417.25,72740
81,2019-02-04 09:45:00+05:30,417.25,418.3,416.25,418.1,55563
82,2019-02-04 09:50:00+05:30,418.1,418.8,417.5,418.25,43667
83,2019-02-04 09:55:00+05:30,418.0,418.6,417.5,418.2,69713
84,2019-02-04 10:00:00+05:30,418.05,418.05,416.55,417.9,51024
85,2019-02-04 10:05:00+05:30,417.9,418.9,417.8,418.15,37198
86,2019-02-04 10:10:00+05:30,418.0,418.25,417.35,417.8,22362
87,2019-02-04 10:15:00+05:30,417.6,418.95,417.3,418.75,37048
88,2019-02-04 10:20:00+05:30,418.75,418.75,417.8,418.35,16275
89,2019-02-04 10:25:00+05:30,418.35,420.2,418.1,420.0,53123
90,2019-02-04 10:30:00+05:30,420.0,420.9,419.65,420.0,43635
91,2019-02-04 10:35:00+05:30,420.0,420.0,419.15,419.35,20898
92,2019-02-04 10:40:00+05:30,419.35,419.8,418.25,418.85,23243
93,2019-02-04 10:45:00+05:30,418.85,419.2,418.3,419.05,24124
94,2019-02-04 10:50:00+05:30,419.05,420.0,417.85,419.5,30707
95,2019-02-04 10:55:00+05:30,419.5,419.55,418.1,418.45,25492
96,2019-02-04 11:00:00+05:30,418.45,419.05,418.3,418.75,15540
97,2019-02-04 11:05:00+05:30,418.75,419.0,417.6,417.75,16509
98,2019-02-04 11:10:00+05:30,417.65,418.3,416.75,416.75,50349
99,2019-02-04 11:15:00+05:30,416.9,417.15,415.5,416.25,95585
100,2019-02-04 11:20:00+05:30,416.25,416.6,414.55,415.45,87388
101,2019-02-04 11:25:00+05:30,415.5,416.55,415.15,416.3,50496
102,2019-02-04 11:30:00+05:30,416.3,416.9,416.0,416.1,25704
103,2019-02-04 11:35:00+05:30,416.0,416.65,415.8,416.4,36222
104,2019-02-04 11:40:00+05:30,416.4,416.75,415.65,416.25,28292
105,2019-02-04 11:45:00+05:30,416.25,416.25,414.85,415.2,36475
106,2019-02-04 11:50:00+05:30,415.2,416.0,415.1,415.45,21123
107,2019-02-04 11:55:00+05:30,415.45,415.8,414.2,415.6,54759
108,2019-02-04 12:00:00+05:30,415.6,415.95,414.5,415.35,52499
109,2019-02-04 12:05:00+05:30,415.35,415.75,415.0,415.6,50009
110,2019-02-04 12:10:00+05:30,415.5,416.35,415.0,415.9,24773
111,2019-02-04 12:15:00+05:30,415.9,416.9,415.75,416.2,23292
112,2019-02-04 12:20:00+05:30,416.2,416.4,415.1,415.5,31399
113,2019-02-04 12:25:00+05:30,415.55,415.65,414.9,415.0,52178
114,2019-02-04 12:30:00+05:30,415.0,415.45,414.2,414.9,47343
115,2019-02-04 12:35:00+05:30,414.9,415.0,412.9,413.1,94739
116,2019-02-04 12:40:00+05:30,413.3,414.2,413.0,413.15,40682
117,2019-02-04 12:45:00+05:30,413.15,413.2,410.65,411.8,127628
118,2019-02-04 12:50:00+05:30,411.7,412.6,411.5,412.5,42185
119,2019-02-04 12:55:00+05:30,412.35,413.35,411.55,412.6,40715
120,2019-02-04 13:00:00+05:30,412.4,412.5,409.35,409.7,110116
121,2019-02-04 13:05:00+05:30,409.8,412.0,409.6,410.8,70841
122,2019-02-04 13:10:00+05:30,410.75,412.35,410.6,412.05,38168
123,2019-02-04 13:15:00+05:30,412.05,412.45,411.5,412.05,28193
124,2019-02-04 13:20:00+05:30,412.15,412.5,411.35,412.2,32005
125,2019-02-04 13:25:00+05:30,412.2,412.3,411.1,411.15,23341
126,2019-02-04 13:30:00+05:30,411.2,411.5,410.6,411.2,38604
127,2019-02-04 13:35:00+05:30,411.2,412.25,410.9,411.95,35501
128,2019-02-04 13:40:00+05:30,411.95,412.1,410.55,411.0,25671
129,2019-02-04 13:45:00+05:30,411.25,411.4,410.8,411.2,17835
130,2019-02-04 13:50:00+05:30,411.25,412.3,411.1,412.15,102916
131,2019-02-04 13:55:00+05:30,412.2,413.45,411.5,413.15,93246
132,2019-02-04 14:00:00+05:30,413.25,413.8,412.55,413.2,54353
133,2019-02-04 14:05:00+05:30,413.2,413.6,411.8,413.4,43337
134,2019-02-04 14:10:00+05:30,413.45,414.5,412.65,413.1,65408
135,2019-02-04 14:15:00+05:30,413.2,414.9,412.95,414.65,50865
136,2019-02-04 14:20:00+05:30,414.7,415.3,413.35,414.3,45040
137,2019-02-04 14:25:00+05:30,414.1,414.45,413.75,413.8,20844
138,2019-02-04 14:30:00+05:30,413.8,414.05,412.75,413.05,31463
139,2019-02-04 14:35:00+05:30,413.05,414.0,413.05,413.85,17876
140,2019-02-04 14:40:00+05:30,413.85,414.35,413.15,413.9,52935
141,2019-02-04 14:45:00+05:30,413.9,414.15,413.2,413.8,36032
142,2019-02-04 14:50:00+05:30,413.9,414.75,413.55,414.45,27289
143,2019-02-04 14:55:00+05:30,414.25,414.9,413.4,414.05,59138
144,2019-02-04 15:00:00+05:30,414.3,415.7,414.3,415.3,84388
145,2019-02-04 15:05:00+05:30,415.25,415.6,414.8,414.95,67269
146,2019-02-04 15:10:00+05:30,415.0,415.25,414.2,414.6,114826
147,2019-02-04 15:15:00+05:30,414.75,415.0,414.15,415.0,108337
148,2019-02-04 15:20:00+05:30,414.95,415.0,414.35,414.75,96293
149,2019-02-04 15:25:00+05:30,414.9,415.0,414.25,414.85,131415
150,2019-02-05 09:15:00+05:30,414.8,418.45,414.8,418.0,137023
151,2019-02-05 09:20:00+05:30,418.15,418.15,416.0,416.55,109218
152,2019-02-05 09:25:00+05:30,416.75,417.35,415.0,415.15,70152
153,2019-02-05 09:30:00+05:30,415.1,416.25,414.0,416.1,84384
154,2019-02-05 09:35:00+05:30,416.05,416.05,414.8,415.0,52712
155,2019-02-05 09:40:00+05:30,415.1,416.4,415.05,415.95,60030
156,2019-02-05 09:45:00+05:30,415.75,416.95,415.55,416.9,34161
157,2019-02-05 09:50:00+05:30,416.9,416.95,414.65,414.65,41558
158,2019-02-05 09:55:00+05:30,414.7,414.95,412.95,413.0,90759
159,2019-02-05 10:00:00+05:30,413.0,413.5,411.65,412.4,81185
160,2019-02-05 10:05:00+05:30,412.5,413.5,411.6,412.1,66773
161,2019-02-05 10:10:00+05:30,412.0,412.5,411.25,411.6,55876
162,2019-02-05 10:15:00+05:30,411.6,412.8,411.5,411.8,39703
163,2019-02-05 10:20:00+05:30,411.8,412.2,410.6,411.5,126131
164,2019-02-05 10:25:00+05:30,411.4,412.2,411.2,411.3,38442
165,2019-02-05 10:30:00+05:30,411.3,412.5,410.9,412.3,46005
166,2019-02-05 10:35:00+05:30,412.3,413.8,412.1,412.8,75681
167,2019-02-05 10:40:00+05:30,413.0,414.35,413.0,414.0,50367
168,2019-02-05 10:45:00+05:30,414.0,414.0,412.35,412.95,21647
169,2019-02-05 10:50:00+05:30,412.95,413.3,412.6,412.95,15735
170,2019-02-05 10:55:00+05:30,412.95,414.0,412.85,413.65,17635
171,2019-02-05 11:00:00+05:30,413.5,414.0,413.05,413.15,13497
172,2019-02-05 11:05:00+05:30,413.15,413.5,412.3,412.45,18643
173,2019-02-05 11:10:00+05:30,412.5,412.95,411.65,411.65,31200
174,2019-02-05 11:15:00+05:30,411.5,412.45,411.5,412.45,32923
175,2019-02-05 11:20:00+05:30,412.45,412.7,411.85,411.95,11927
176,2019-02-05 11:25:00+05:30,411.95,412.6,411.35,411.75,47015
177,2019-02-05 11:30:00+05:30,411.75,412.7,411.75,412.7,19899
178,2019-02-05 11:35:00+05:30,412.55,412.8,411.75,412.0,24176
179,2019-02-05 11:40:00+05:30,412.0,412.5,411.7,412.5,18779
180,2019-02-05 11:45:00+05:30,412.45,412.9,412.15,412.9,10789
181,2019-02-05 11:50:00+05:30,412.65,413.5,412.5,413.4,18597
182,2019-02-05 11:55:00+05:30,413.35,413.5,412.7,413.05,39404
183,2019-02-05 12:00:00+05:30,413.2,413.2,412.8,413.1,13182
184,2019-02-05 12:05:00+05:30,413.1,413.9,412.55,413.1,32492
185,2019-02-05 12:10:00+05:30,413.1,413.7,412.8,413.65,16430
186,2019-02-05 12:15:00+05:30,413.65,413.65,413.0,413.45,16734
187,2019-02-05 12:20:00+05:30,413.45,413.9,412.75,413.0,18433
188,2019-02-05 12:25:00+05:30,413.0,413.2,412.7,413.2,17504
189,2019-02-05 12:30:00+05:30,413.2,413.5,413.0,413.5,11868
190,2019-02-05 12:35:00+05:30,413.5,413.75,412.8,412.85,30618
191,2019-02-05 12:40:00+05:30,412.95,413.0,411.75,411.8,40825
192,2019-02-05 12:45:00+05:30,411.95,412.4,411.65,411.75,21782
193,2019-02-05 12:50:00+05:30,411.65,412.4,411.65,412.4,29161
194,2019-02-05 12:55:00+05:30,412.4,412.45,411.05,411.15,36729
195,2019-02-05 13:00:00+05:30,411.15,411.6,410.8,411.4,43104
196,2019-02-05 13:05:00+05:30,411.4,411.5,410.75,411.1,44084
197,2019-02-05 13:10:00+05:30,411.0,411.45,410.8,411.3,25474
198,2019-02-05 13:15:00+05:30,411.3,411.95,411.25,411.9,20803
199,2019-02-05 13:20:00+05:30,411.9,411.95,411.2,411.3,18873
200,2019-02-05 13:25:00+05:30,411.3,411.85,411.2,411.5,15058
201,2019-02-05 13:30:00+05:30,411.5,411.85,410.95,411.45,22350
202,2019-02-05 13:35:00+05:30,411.45,411.5,409.8,410.3,73059
203,2019-02-05 13:40:00+05:30,410.5,410.6,408.0,408.5,147424
204,2019-02-05 13:45:00+05:30,408.5,409.8,408.05,409.6,52391
205,2019-02-05 13:50:00+05:30,409.7,409.75,408.25,409.35,42233
206,2019-02-05 13:55:00+05:30,409.45,409.8,409.15,409.35,30211
207,2019-02-05 14:00:00+05:30,409.4,409.4,407.1,408.65,63373
208,2019-02-05 14:05:00+05:30,408.65,409.45,408.0,408.1,38688
209,2019-02-05 14:10:00+05:30,408.05,408.45,407.55,407.6,44722
210,2019-02-05 14:15:00+05:30,407.75,407.8,406.55,407.15,85233
211,2019-02-05 14:20:00+05:30,407.15,409.2,407.15,409.15,41210
212,2019-02-05 14:25:00+05:30,409.2,409.7,408.35,408.5,51473
213,2019-02-05 14:30:00+05:30,408.6,409.0,408.3,408.55,24026
214,2019-02-05 14:35:00+05:30,408.6,409.7,408.55,409.35,30440
215,2019-02-05 14:40:00+05:30,409.35,410.45,409.0,410.25,59319
216,2019-02-05 14:45:00+05:30,410.35,410.65,409.4,409.5,70237
217,2019-02-05 14:50:00+05:30,409.55,409.6,408.8,409.25,25804
218,2019-02-05 14:55:00+05:30,409.25,409.7,409.25,409.25,22132
219,2019-02-05 15:00:00+05:30,409.2,410.45,409.15,410.1,74265
220,2019-02-05 15:05:00+05:30,410.05,410.3,409.45,409.9,59304
221,2019-02-05 15:10:00+05:30,409.9,410.4,409.75,410.25,84160
222,2019-02-05 15:15:00+05:30,410.25,410.4,409.2,409.8,111424
223,2019-02-05 15:20:00+05:30,409.8,410.9,409.4,409.75,148649
224,2019-02-05 15:25:00+05:30,409.75,410.1,409.0,409.15,59651
225,2019-02-06 09:15:00+05:30,410.0,412.8,408.25,408.5,211335
226,2019-02-06 09:20:00+05:30,408.5,410.95,407.9,410.95,129593
227,2019-02-06 09:25:00+05:30,410.95,413.5,410.65,412.1,189014
228,2019-02-06 09:30:00+05:30,412.35,412.55,409.55,410.05,100695
229,2019-02-06 09:35:00+05:30,410.35,410.45,409.0,409.8,76639
230,2019-02-06 09:40:00+05:30,409.95,411.25,408.8,409.1,75369
231,2019-02-06 09:45:00+05:30,409.3,409.35,408.05,409.15,43029
232,2019-02-06 09:50:00+05:30,409.0,409.95,408.4,409.95,36178
233,2019-02-06 09:55:00+05:30,409.95,410.0,409.45,409.75,20573
234,2019-02-06 10:00:00+05:30,409.6,409.75,408.25,408.5,37328
235,2019-02-06 10:05:00+05:30,408.5,408.7,408.0,408.0,53651
236,2019-02-06 10:10:00+05:30,408.0,408.7,407.25,407.85,280692
237,2019-02-06 10:15:00+05:30,407.9,408.0,406.4,407.15,95125
238,2019-02-06 10:20:00+05:30,407.15,408.2,405.45,405.8,108452
239,2019-02-06 10:25:00+05:30,405.8,406.45,403.3,403.8,150896
240,2019-02-06 10:30:00+05:30,403.8,405.25,403.3,405.0,91907
241,2019-02-06 10:35:00+05:30,405.0,406.5,404.9,406.0,71521
242,2019-02-06 10:40:00+05:30,406.0,406.65,404.8,404.9,41565
243,2019-02-06 10:45:00+05:30,404.9,405.6,404.5,405.3,30885
244,2019-02-06 10:50:00+05:30,405.35,406.2,405.0,405.55,35836
245,2019-02-06 10:55:00+05:30,405.55,407.35,405.4,407.25,45385
246,2019-02-06 11:00:00+05:30,407.5,408.65,407.25,408.5,69703
247,2019-02-06 11:05:00+05:30,408.35,409.3,407.95,407.95,66775
248,2019-02-06 11:10:00+05:30,407.95,408.35,407.15,408.1,33168
249,2019-02-06 11:15:00+05:30,408.1,409.2,408.0,409.2,38696
250,2019-02-06 11:20:00+05:30,409.2,410.0,408.85,409.9,78968
251,2019-02-06 11:25:00+05:30,409.9,410.0,408.7,409.5,63258
252,2019-02-06 11:30:00+05:30,409.4,411.9,409.4,411.5,100991
253,2019-02-06 11:35:00+05:30,411.5,412.25,410.3,410.45,101531
254,2019-02-06 11:40:00+05:30,410.45,410.8,408.65,409.45,64025
255,2019-02-06 11:45:00+05:30,409.45,411.45,409.4,411.25,46151
256,2019-02-06 11:50:00+05:30,411.25,411.3,409.5,410.0,49018
257,2019-02-06 11:55:00+05:30,410.0,410.4,409.5,410.15,29813
258,2019-02-06 12:00:00+05:30,410.15,411.0,409.9,410.85,35701
259,2019-02-06 12:05:00+05:30,411.0,412.0,410.95,411.9,61504
260,2019-02-06 12:10:00+05:30,411.9,413.5,411.8,412.8,102893
261,2019-02-06 12:15:00+05:30,412.8,414.7,411.95,413.8,109293
262,2019-02-06 12:20:00+05:30,414.15,414.5,413.35,414.0,91433
263,2019-02-06 12:25:00+05:30,413.95,414.0,413.0,413.95,57892
264,2019-02-06 12:30:00+05:30,413.95,414.0,413.15,413.65,31750
265,2019-02-06 12:35:00+05:30,413.65,413.65,412.0,412.55,46674
266,2019-02-06 12:40:00+05:30,412.55,412.9,412.1,412.5,25276
267,2019-02-06 12:45:00+05:30,412.5,412.85,411.4,411.9,52454
268,2019-02-06 12:50:00+05:30,411.9,412.0,410.5,411.8,59784
269,2019-02-06 12:55:00+05:30,411.75,412.9,411.75,412.65,45834
270,2019-02-06 13:00:00+05:30,412.65,413.95,412.6,413.75,40826
271,2019-02-06 13:05:00+05:30,413.9,416.4,413.8,416.2,236400
272,2019-02-06 13:10:00+05:30,416.0,416.2,415.0,415.2,101698
273,2019-02-06 13:15:00+05:30,415.35,416.45,415.15,416.05,64278
274,2019-02-06 13:20:00+05:30,416.1,416.2,414.6,414.7,87430
275,2019-02-06 13:25:00+05:30,414.8,415.0,413.65,414.2,63442
276,2019-02-06 13:30:00+05:30,414.2,414.75,413.95,414.45,35189
277,2019-02-06 13:35:00+05:30,414.4,415.35,413.4,413.5,64992
278,2019-02-06 13:40:00+05:30,413.55,414.9,413.35,414.5,37456
279,2019-02-06 13:45:00+05:30,414.7,415.7,414.4,415.4,50164
280,2019-02-06 13:50:00+05:30,415.4,415.55,414.65,415.3,62437
281,2019-02-06 13:55:00+05:30,415.35,415.5,414.7,415.35,28607
282,2019-02-06 14:00:00+05:30,415.4,415.8,415.1,415.75,38852
283,2019-02-06 14:05:00+05:30,415.75,416.3,414.0,414.0,106623
284,2019-02-06 14:10:00+05:30,414.0,414.85,413.5,414.25,53253
285,2019-02-06 14:15:00+05:30,414.25,414.95,414.1,414.55,24518
286,2019-02-06 14:20:00+05:30,414.65,415.0,414.65,414.9,30173
287,2019-02-06 14:25:00+05:30,414.95,415.15,413.55,413.7,37734
288,2019-02-06 14:30:00+05:30,413.8,415.4,413.5,415.25,49426
289,2019-02-06 14:35:00+05:30,415.2,415.4,414.5,415.15,47481
290,2019-02-06 14:40:00+05:30,415.15,415.4,414.4,414.45,43920
291,2019-02-06 14:45:00+05:30,414.45,414.6,413.85,414.0,45222
292,2019-02-06 14:50:00+05:30,414.0,414.5,413.3,414.15,84573
293,2019-02-06 14:55:00+05:30,414.05,415.5,414.0,415.05,69534
294,2019-02-06 15:00:00+05:30,415.05,415.4,414.45,415.0,77698
295,2019-02-06 15:05:00+05:30,415.05,415.3,414.25,415.05,87565
296,2019-02-06 15:10:00+05:30,415.1,417.4,415.05,416.55,198373
297,2019-02-06 15:15:00+05:30,416.55,418.0,416.5,416.6,156806
298,2019-02-06 15:20:00+05:30,416.75,418.0,416.3,417.85,131387
299,2019-02-06 15:25:00+05:30,417.95,419.0,417.65,418.35,84731
300,2019-02-07 09:15:00+05:30,423.0,427.2,423.0,426.9,849675
301,2019-02-07 09:20:00+05:30,426.95,430.0,425.75,425.85,645640
302,2019-02-07 09:25:00+05:30,425.65,428.75,425.15,427.75,331287
303,2019-02-07 09:30:00+05:30,427.95,428.5,426.2,426.45,209479
304,2019-02-07 09:35:00+05:30,426.5,426.9,425.1,426.25,191626
305,2019-02-07 09:40:00+05:30,426.2,426.45,425.4,425.55,104981
306,2019-02-07 09:45:00+05:30,425.5,425.75,424.25,425.35,191623
307,2019-02-07 09:50:00+05:30,425.45,425.7,424.0,424.3,126042
308,2019-02-07 09:55:00+05:30,424.3,425.3,424.0,424.65,113147
309,2019-02-07 10:00:00+05:30,424.55,424.75,421.1,424.45,511419
310,2019-02-07 10:05:00+05:30,424.55,424.55,423.15,423.15,78010
311,2019-02-07 10:10:00+05:30,423.2,426.5,422.75,426.25,159802
312,2019-02-07 10:15:00+05:30,426.25,429.0,426.25,429.0,418982
313,2019-02-07 10:20:00+05:30,428.75,432.8,428.2,431.65,1021559
314,2019-02-07 10:25:00+05:30,431.1,433.5,430.85,432.9,736327
315,2019-02-07 10:30:00+05:30,432.95,437.0,432.75,435.6,866702
316,2019-02-07 10:35:00+05:30,435.55,437.5,434.65,436.5,486720
317,2019-02-07 10:40:00+05:30,436.7,437.0,435.25,435.25,201780
318,2019-02-07 10:45:00+05:30,435.2,436.25,435.0,436.0,240718
319,2019-02-07 10:50:00+05:30,435.95,436.05,434.7,435.95,195582
320,2019-02-07 10:55:00+05:30,435.95,435.95,435.0,435.1,101002
321,2019-02-07 11:00:00+05:30,435.2,435.85,435.0,435.35,100756
322,2019-02-07 11:05:00+05:30,435.35,435.5,435.0,435.5,74133
323,2019-02-07 11:10:00+05:30,435.3,437.45,435.3,436.9,239116
324,2019-02-07 11:15:00+05:30,436.9,438.75,436.55,438.15,523195
325,2019-02-07 11:20:00+05:30,438.05,439.5,437.5,439.05,268853
326,2019-02-07 11:25:00+05:30,439.0,442.25,439.0,442.05,769752
327,2019-02-07 11:30:00+05:30,442.0,445.0,441.6,445.0,803302
328,2019-02-07 11:35:00+05:30,445.1,445.8,443.45,443.45,874242
329,2019-02-07 11:40:00+05:30,443.45,444.85,443.0,443.05,408152
330,2019-02-07 11:45:00+05:30,443.15,443.5,441.3,442.35,298950
331,2019-02-07 11:50:00+05:30,442.2,442.5,438.2,441.35,426636
332,2019-02-07 11:55:00+05:30,441.5,442.0,440.25,440.85,112177
333,2019-02-07 12:00:00+05:30,440.85,443.0,440.6,441.7,251300
334,2019-02-07 12:05:00+05:30,441.55,441.85,439.0,439.9,304533
335,2019-02-07 12:10:00+05:30,439.75,439.8,437.7,438.1,235160
336,2019-02-07 12:15:00+05:30,438.05,438.8,437.0,438.5,328592
337,2019-02-07 12:20:00+05:30,438.55,439.8,438.0,438.2,147605
338,2019-02-07 12:25:00+05:30,438.2,439.1,438.0,438.1,53144
339,2019-02-07 12:30:00+05:30,438.05,438.6,437.2,438.2,102270
340,2019-02-07 12:35:00+05:30,438.2,438.55,437.6,437.7,50552
341,2019-02-07 12:40:00+05:30,437.7,438.35,437.0,437.2,100255
342,2019-02-07 12:45:00+05:30,437.1,437.4,436.0,436.25,156971
343,2019-02-07 12:50:00+05:30,436.15,439.0,436.0,438.75,152224
344,2019-02-07 12:55:00+05:30,438.65,439.95,437.85,438.45,126517
345,2019-02-07 13:00:00+05:30,438.4,438.45,437.3,438.15,61470
346,2019-02-07 13:05:00+05:30,438.1,438.35,437.5,438.25,49674
347,2019-02-07 13:10:00+05:30,438.25,439.0,438.0,438.0,57395
348,2019-02-07 13:15:00+05:30,438.0,438.15,436.9,437.0,87860
349,2019-02-07 13:20:00+05:30,436.9,437.4,436.5,437.0,67220
350,2019-02-07 13:25:00+05:30,437.0,437.4,436.65,436.95,46605
351,2019-02-07 13:30:00+05:30,436.95,437.3,436.75,437.25,38110
352,2019-02-07 13:35:00+05:30,437.25,437.5,436.8,437.0,64984
353,2019-02-07 13:40:00+05:30,436.95,437.35,436.8,437.1,43339
354,2019-02-07 13:45:00+05:30,437.1,438.3,437.0,437.85,88209
355,2019-02-07 13:50:00+05:30,437.9,438.8,437.45,438.6,86550
356,2019-02-07 13:55:00+05:30,438.75,438.9,437.25,437.95,91177
357,2019-02-07 14:00:00+05:30,437.7,438.2,437.35,437.85,58866
358,2019-02-07 14:05:00+05:30,437.85,438.75,437.8,438.4,66730
359,2019-02-07 14:10:00+05:30,438.3,438.5,437.7,438.0,56356
360,2019-02-07 14:15:00+05:30,438.0,438.6,437.7,437.7,76162
361,2019-02-07 14:20:00+05:30,438.0,438.3,437.35,437.9,66677
362,2019-02-07 14:25:00+05:30,437.9,438.0,436.6,437.2,88658
363,2019-02-07 14:30:00+05:30,437.3,437.95,436.85,436.9,73156
364,2019-02-07 14:35:00+05:30,437.05,438.0,436.9,437.95,52971
365,2019-02-07 14:40:00+05:30,437.95,438.35,437.2,437.4,80619
366,2019-02-07 14:45:00+05:30,437.6,437.75,436.55,436.7,107452
367,2019-02-07 14:50:00+05:30,436.7,437.0,436.5,436.9,87690
368,2019-02-07 14:55:00+05:30,436.9,437.7,436.8,436.95,127213
369,2019-02-07 15:00:00+05:30,436.95,437.4,434.5,435.1,266902
370,2019-02-07 15:05:00+05:30,435.1,435.8,432.35,435.4,313257
371,2019-02-07 15:10:00+05:30,435.45,437.0,435.0,435.7,256017
372,2019-02-07 15:15:00+05:30,435.6,436.0,434.15,435.35,378126
373,2019-02-07 15:20:00+05:30,435.35,435.7,433.35,434.2,310912
374,2019-02-07 15:25:00+05:30,434.3,434.75,433.1,433.8,212213
375,2019-02-08 09:15:00+05:30,434.0,434.5,430.65,434.5,233429
376,2019-02-08 09:20:00+05:30,434.25,434.55,429.45,431.75,150620
377,2019-02-08 09:25:00+05:30,431.75,431.9,427.2,428.85,177221
378,2019-02-08 09:30:00+05:30,429.0,429.0,427.5,428.7,92559
379,2019-02-08 09:35:00+05:30,428.7,429.5,428.3,428.55,65268
380,2019-02-08 09:40:00+05:30,428.6,428.7,426.35,426.7,104532
381,2019-02-08 09:45:00+05:30,426.7,427.65,426.7,427.15,39465
382,2019-02-08 09:50:00+05:30,427.25,427.25,424.55,425.0,168546
383,2019-02-08 09:55:00+05:30,425.0,426.8,424.55,425.95,71619
384,2019-02-08 10:00:00+05:30,426.0,427.6,425.05,427.1,64815
385,2019-02-08 10:05:00+05:30,427.3,428.3,426.5,426.5,92433
386,2019-02-08 10:10:00+05:30,426.7,427.6,426.1,427.0,32333
387,2019-02-08 10:15:00+05:30,426.8,428.9,426.8,428.05,58090
388,2019-02-08 10:20:00+05:30,428.05,431.4,427.85,430.85,126966
389,2019-02-08 10:25:00+05:30,430.7,431.2,428.95,429.55,69695
390,2019-02-08 10:30:00+05:30,429.55,430.0,428.0,428.0,51040
391,2019-02-08 10:35:00+05:30,428.2,428.2,426.4,426.8,95959
392,2019-02-08 10:40:00+05:30,426.8,428.8,426.4,428.3,33835
393,2019-02-08 10:45:00+05:30,428.3,428.8,427.75,428.75,24928
394,2019-02-08 10:50:00+05:30,428.75,429.75,428.1,429.5,24484
395,2019-02-08 10:55:00+05:30,429.45,430.75,429.4,429.65,60340
396,2019-02-08 11:00:00+05:30,429.65,429.8,428.5,429.35,31842
397,2019-02-08 11:05:00+05:30,429.35,429.85,428.1,428.3,17862
398,2019-02-08 11:10:00+05:30,428.3,428.3,426.5,427.4,68413
399,2019-02-08 11:15:00+05:30,427.4,428.4,426.8,428.3,51033
400,2019-02-08 11:20:00+05:30,428.3,429.4,428.05,429.25,42335
401,2019-02-08 11:25:00+05:30,429.25,429.65,428.5,429.5,42154
402,2019-02-08 11:30:00+05:30,429.5,429.5,428.1,428.7,22768
403,2019-02-08 11:35:00+05:30,428.6,428.85,427.6,427.6,27093
404,2019-02-08 11:40:00+05:30,427.6,427.9,427.1,427.45,31551
405,2019-02-08 11:45:00+05:30,427.5,427.75,427.0,427.4,30839
406,2019-02-08 11:50:00+05:30,427.4,427.4,426.0,426.5,67820
407,2019-02-08 11:55:00+05:30,426.5,427.25,426.35,427.0,38148
408,2019-02-08 12:00:00+05:30,427.0,427.85,426.7,427.6,51242
409,2019-02-08 12:05:00+05:30,427.6,428.5,427.0,428.4,40366
410,2019-02-08 12:10:00+05:30,428.4,429.6,428.2,428.9,49901
411,2019-02-08 12:15:00+05:30,428.75,429.5,428.75,429.5,25894
412,2019-02-08 12:20:00+05:30,429.5,430.75,429.3,430.65,79128
413,2019-02-08 12:25:00+05:30,430.3,430.9,429.3,430.15,73376
414,2019-02-08 12:30:00+05:30,430.1,430.2,429.0,429.5,37289
415,2019-02-08 12:35:00+05:30,429.5,430.8,428.7,428.9,55204
416,2019-02-08 12:40:00+05:30,428.9,429.9,428.5,429.9,66752
417,2019-02-08 12:45:00+05:30,429.75,429.8,428.5,429.6,31491
418,2019-02-08 12:50:00+05:30,429.6,429.65,428.6,429.45,24153
419,2019-02-08 12:55:00+05:30,429.45,429.6,427.95,428.7,63514
420,2019-02-08 13:00:00+05:30,428.7,428.8,427.5,428.0,59910
421,2019-02-08 13:05:00+05:30,428.0,428.85,427.85,428.75,36279
422,2019-02-08 13:10:00+05:30,428.75,430.0,428.6,429.3,48880
423,2019-02-08 13:15:00+05:30,429.1,430.0,428.7,429.95,34433
424,2019-02-08 13:20:00+05:30,429.95,430.8,429.9,430.65,66885
425,2019-02-08 13:25:00+05:30,430.75,430.8,430.15,430.25,28248
426,2019-02-08 13:30:00+05:30,430.25,430.5,429.25,430.05,51221
427,2019-02-08 13:35:00+05:30,430.05,433.25,430.05,432.5,256030
428,2019-02-08 13:40:00+05:30,432.75,433.5,431.65,433.4,82165
429,2019-02-08 13:45:00+05:30,433.4,433.5,432.05,432.45,64348
430,2019-02-08 13:50:00+05:30,432.3,433.45,432.15,432.7,90411
431,2019-02-08 13:55:00+05:30,432.7,433.5,432.15,432.75,58657
432,2019-02-08 14:00:00+05:30,432.75,433.25,432.2,433.0,42038
433,2019-02-08 14:05:00+05:30,433.0,435.65,432.6,435.3,213000
434,2019-02-08 14:10:00+05:30,435.45,435.9,433.65,433.85,108309
435,2019-02-08 14:15:00+05:30,433.9,434.0,432.0,432.05,59135
436,2019-02-08 14:20:00+05:30,432.0,432.8,431.35,431.65,76305
437,2019-02-08 14:25:00+05:30,431.65,431.65,429.6,429.65,144826
438,2019-02-08 14:30:00+05:30,429.75,430.45,429.65,430.1,51965
439,2019-02-08 14:35:00+05:30,430.15,431.0,429.7,430.65,80481
440,2019-02-08 14:40:00+05:30,430.7,431.7,430.65,431.4,42793
441,2019-02-08 14:45:00+05:30,431.5,431.95,430.35,430.35,46452
442,2019-02-08 14:50:00+05:30,430.5,431.95,430.35,431.5,141219
443,2019-02-08 14:55:00+05:30,431.7,434.35,431.5,434.05,116745
444,2019-02-08 15:00:00+05:30,434.05,434.1,431.35,432.3,153483
445,2019-02-08 15:05:00+05:30,432.2,432.4,430.0,430.5,177914
446,2019-02-08 15:10:00+05:30,430.5,430.9,428.1,430.4,235936
447,2019-02-08 15:15:00+05:30,430.45,431.25,429.45,430.35,240496
448,2019-02-08 15:20:00+05:30,430.35,432.6,430.3,431.55,295959
449,2019-02-08 15:25:00+05:30,431.5,432.25,430.7,431.1,110233
450,2019-02-11 09:15:00+05:30,432.25,433.55,429.4,429.8,107954
451,2019-02-11 09:20:00+05:30,429.85,430.7,428.15,430.2,64080
452,2019-02-11 09:25:00+05:30,430.2,431.25,429.4,430.7,51236
453,2019-02-11 09:30:00+05:30,430.9,430.9,429.1,430.0,34834
454,2019-02-11 09:35:00+05:30,430.0,430.5,427.9,428.2,49279
455,2019-02-11 09:40:00+05:30,428.2,428.9,427.15,428.75,58711
456,2019-02-11 09:45:00+05:30,428.7,428.75,426.65,427.1,52113
457,2019-02-11 09:50:00+05:30,427.1,427.85,426.7,427.1,26409
458,2019-02-11 09:55:00+05:30,427.15,429.0,426.95,428.15,48622
459,2019-02-11 10:00:00+05:30,428.2,428.65,427.45,427.45,26608
460,2019-02-11 10:05:00+05:30,427.35,428.8,426.5,426.6,72962
461,2019-02-11 10:10:00+05:30,426.55,427.7,426.25,427.45,77400
462,2019-02-11 10:15:00+05:30,427.45,428.45,426.8,427.8,51073
463,2019-02-11 10:20:00+05:30,427.8,427.85,426.25,427.0,56364
464,2019-02-11 10:25:00+05:30,427.05,427.5,426.5,427.1,41175
465,2019-02-11 10:30:00+05:30,427.1,427.1,424.25,425.35,172141
466,2019-02-11 10:35:00+05:30,425.5,426.15,425.05,425.3,47582
467,2019-02-11 10:40:00+05:30,425.25,425.35,424.05,424.5,82747
468,2019-02-11 10:45:00+05:30,424.5,424.8,423.3,424.3,72560
469,2019-02-11 10:50:00+05:30,424.45,424.45,421.55,421.8,131449
470,2019-02-11 10:55:00+05:30,422.0,423.5,420.85,423.4,89005
471,2019-02-11 11:00:00+05:30,423.6,423.6,422.4,422.8,37723
472,2019-02-11 11:05:00+05:30,422.8,423.3,422.0,422.3,40231
473,2019-02-11 11:10:00+05:30,422.25,422.65,421.25,422.35,63884
474,2019-02-11 11:15:00+05:30,422.5,422.7,421.1,422.0,83659
475,2019-02-11 11:20:00+05:30,422.0,422.2,421.05,421.3,43625
476,2019-02-11 11:25:00+05:30,421.3,422.5,421.0,422.4,53401
477,2019-02-11 11:30:00+05:30,422.4,422.95,422.25,422.6,43284
478,2019-02-11 11:35:00+05:30,422.6,423.7,422.15,422.3,59078
479,2019-02-11 11:40:00+05:30,422.3,423.0,422.1,422.85,29735
480,2019-02-11 11:45:00+05:30,422.85,423.8,422.5,423.0,52747
481,2019-02-11 11:50:00+05:30,423.0,423.0,421.1,421.6,69901
482,2019-02-11 11:55:00+05:30,421.6,422.45,421.35,422.2,38452
483,2019-02-11 12:00:00+05:30,422.2,422.2,421.35,422.0,43473
484,2019-02-11 12:05:00+05:30,422.0,422.0,421.1,421.25,41831
485,2019-02-11 12:10:00+05:30,421.25,421.5,421.1,421.25,37202
486,2019-02-11 12:15:00+05:30,421.3,422.5,421.05,422.4,70705
487,2019-02-11 12:20:00+05:30,422.4,423.0,422.2,422.9,65047
488,2019-02-11 12:25:00+05:30,422.9,423.05,422.55,422.65,49811
489,2019-02-11 12:30:00+05:30,422.65,425.7,422.65,424.0,154338
490,2019-02-11 12:35:00+05:30,424.0,425.1,423.8,424.6,70935
491,2019-02-11 12:40:00+05:30,424.6,426.65,424.35,426.0,82061
492,2019-02-11 12:45:00+05:30,426.0,426.65,425.05,425.85,57658
493,2019-02-11 12:50:00+05:30,425.9,426.5,425.4,425.85,38028
494,2019-02-11 12:55:00+05:30,425.7,426.25,425.15,425.2,26108
495,2019-02-11 13:00:00+05:30,425.4,426.25,424.7,425.8,73844
496,2019-02-11 13:05:00+05:30,425.75,425.85,425.05,425.5,21086
497,2019-02-11 13:10:00+05:30,425.75,427.7,425.55,427.7,57520
498,2019-02-11 13:15:00+05:30,427.85,427.85,426.5,426.75,53683
499,2019-02-11 13:20:00+05:30,426.75,427.75,426.7,427.55,52318
500,2019-02-11 13:25:00+05:30,427.55,428.5,427.55,428.1,62676
501,2019-02-11 13:30:00+05:30,428.0,428.1,426.5,426.7,47897
502,2019-02-11 13:35:00+05:30,426.7,427.25,426.7,427.2,34145
503,2019-02-11 13:40:00+05:30,427.15,428.25,426.8,427.0,35914
504,2019-02-11 13:45:00+05:30,427.0,427.4,426.1,426.3,36336
505,2019-02-11 13:50:00+05:30,426.0,427.4,426.0,427.4,29251
506,2019-02-11 13:55:00+05:30,427.4,427.95,426.8,427.65,30296
507,2019-02-11 14:00:00+05:30,427.0,427.5,426.4,427.2,40654
508,2019-02-11 14:05:00+05:30,427.35,428.5,427.15,428.35,57351
509,2019-02-11 14:10:00+05:30,428.5,428.7,428.1,428.25,29229
510,2019-02-11 14:15:00+05:30,428.0,429.0,427.55,428.9,42237
511,2019-02-11 14:20:00+05:30,428.9,430.15,428.75,430.0,105743
512,2019-02-11 14:25:00+05:30,430.0,430.7,429.3,429.6,90810
513,2019-02-11 14:30:00+05:30,429.6,430.0,428.75,429.05,36943
514,2019-02-11 14:35:00+05:30,429.2,430.35,428.7,430.0,50724
515,2019-02-11 14:40:00+05:30,430.0,430.3,429.5,429.9,66116
516,2019-02-11 14:45:00+05:30,429.9,431.5,429.85,431.45,100112
517,2019-02-11 14:50:00+05:30,431.4,433.5,431.4,433.05,280326
518,2019-02-11 14:55:00+05:30,433.2,433.45,430.0,430.9,129717
519,2019-02-11 15:00:00+05:30,431.0,431.1,428.8,429.5,129846
520,2019-02-11 15:05:00+05:30,429.5,429.55,428.05,428.5,92942
521,2019-02-11 15:10:00+05:30,428.5,429.85,428.5,429.05,76304
522,2019-02-11 15:15:00+05:30,429.1,429.35,427.65,428.15,121781
523,2019-02-11 15:20:00+05:30,428.1,428.2,427.4,427.5,110047
524,2019-02-11 15:25:00+05:30,427.55,427.9,426.75,427.75,77337
525,2019-02-12 09:15:00+05:30,427.2,430.1,424.2,429.6,299573
526,2019-02-12 09:20:00+05:30,429.85,434.95,428.75,434.65,335596
527,2019-02-12 09:25:00+05:30,434.85,436.0,432.0,432.1,280573
528,2019-02-12 09:30:00+05:30,432.05,433.4,431.05,431.15,154604
529,2019-02-12 09:35:00+05:30,431.15,431.15,428.2,429.35,226356
530,2019-02-12 09:40:00+05:30,429.5,432.4,429.35,432.15,121794
531,2019-02-12 09:45:00+05:30,432.1,432.2,430.4,430.8,79813
532,2019-02-12 09:50:00+05:30,430.8,431.85,430.65,431.15,88102
533,2019-02-12 09:55:00+05:30,430.9,431.05,429.0,429.8,113528
534,2019-02-12 10:00:00+05:30,429.8,430.2,429.1,429.55,55224
535,2019-02-12 10:05:00+05:30,429.3,429.5,427.0,427.35,159292
536,2019-02-12 10:10:00+05:30,427.55,429.1,427.05,427.85,96374
537,2019-02-12 10:15:00+05:30,427.85,430.1,427.8,429.35,99439
538,2019-02-12 10:20:00+05:30,429.35,430.5,429.25,429.65,67545
539,2019-02-12 10:25:00+05:30,429.65,429.8,428.7,428.95,53895
540,2019-02-12 10:30:00+05:30,428.9,429.8,427.7,429.2,52444
541,2019-02-12 10:35:00+05:30,429.2,429.5,428.55,429.5,48402
542,2019-02-12 10:40:00+05:30,429.35,430.8,429.3,430.4,66640
543,2019-02-12 10:45:00+05:30,430.4,431.4,430.3,431.4,99106
544,2019-02-12 10:50:00+05:30,431.4,431.5,430.15,430.65,52228
545,2019-02-12 10:55:00+05:30,430.65,431.1,430.3,430.6,37307
546,2019-02-12 11:00:00+05:30,430.4,430.8,430.1,430.7,46625
547,2019-02-12 11:05:00+05:30,430.7,431.85,430.5,431.3,61927
548,2019-02-12 11:10:00+05:30,431.3,431.3,430.4,431.2,27880
549,2019-02-12 11:15:00+05:30,431.2,433.0,431.15,432.35,122346
550,2019-02-12 11:20:00+05:30,432.35,434.4,431.8,433.45,201862
551,2019-02-12 11:25:00+05:30,433.5,435.8,432.7,433.95,273587
552,2019-02-12 11:30:00+05:30,433.9,434.05,432.75,432.85,73814
553,2019-02-12 11:35:00+05:30,432.85,434.0,432.45,433.5,67591
554,2019-02-12 11:40:00+05:30,433.6,433.65,432.65,432.65,30757
555,2019-02-12 11:45:00+05:30,432.65,432.8,431.5,431.9,58959
556,2019-02-12 11:50:00+05:30,432.1,432.95,431.45,432.5,51797
557,2019-02-12 11:55:00+05:30,432.5,432.8,431.5,431.6,43990
558,2019-02-12 12:00:00+05:30,431.6,431.8,431.05,431.35,35075
559,2019-02-12 12:05:00+05:30,431.2,431.65,430.7,430.9,94277
560,2019-02-12 12:10:00+05:30,430.9,431.15,430.4,430.8,46744
561,2019-02-12 12:15:00+05:30,430.8,432.35,430.7,431.95,52177
562,2019-02-12 12:20:00+05:30,431.95,432.9,431.9,432.25,54803
563,2019-02-12 12:25:00+05:30,432.25,432.25,431.35,431.55,30992
564,2019-02-12 12:30:00+05:30,431.6,432.35,431.35,431.9,36268
565,2019-02-12 12:35:00+05:30,431.9,432.2,430.7,431.0,49367
566,2019-02-12 12:40:00+05:30,430.85,431.6,430.75,431.6,38685
567,2019-02-12 12:45:00+05:30,431.6,433.35,431.5,433.15,77872
568,2019-02-12 12:50:00+05:30,433.1,433.65,432.4,432.5,84105
569,2019-02-12 12:55:00+05:30,432.5,433.2,431.6,431.85,75764
570,2019-02-12 13:00:00+05:30,432.05,432.45,431.5,431.5,34294
571,2019-02-12 13:05:00+05:30,431.65,432.25,431.2,432.25,45368
572,2019-02-12 13:10:00+05:30,432.25,433.0,432.1,432.6,47102
573,2019-02-12 13:15:00+05:30,432.6,432.9,432.0,432.05,36604
574,2019-02-12 13:20:00+05:30,432.05,432.45,431.5,431.65,64703
575,2019-02-12 13:25:00+05:30,431.7,431.9,431.2,431.35,34197
576,2019-02-12 13:30:00+05:30,431.35,431.8,431.3,431.35,27557
577,2019-02-12 13:35:00+05:30,431.35,431.35,430.35,430.75,80573
578,2019-02-12 13:40:00+05:30,430.95,431.2,430.3,431.2,38702
579,2019-02-12 13:45:00+05:30,431.05,432.35,431.05,431.85,78442
580,2019-02-12 13:50:00+05:30,432.0,432.0,431.5,431.6,40012
581,2019-02-12 13:55:00+05:30,431.6,432.3,431.6,432.05,50247
582,2019-02-12 14:00:00+05:30,432.2,433.0,432.15,432.55,101831
583,2019-02-12 14:05:00+05:30,432.75,433.0,432.4,432.95,58037
584,2019-02-12 14:10:00+05:30,432.75,435.0,432.7,435.0,203140
585,2019-02-12 14:15:00+05:30,435.0,435.0,433.05,433.9,110483
586,2019-02-12 14:20:00+05:30,433.8,434.85,433.6,434.0,83163
587,2019-02-12 14:25:00+05:30,434.2,436.6,433.65,434.65,263267
588,2019-02-12 14:30:00+05:30,434.6,436.0,434.3,435.75,156766
589,2019-02-12 14:35:00+05:30,435.75,435.8,434.55,434.8,93424
590,2019-02-12 14:40:00+05:30,434.7,434.85,432.65,433.1,190849
591,2019-02-12 14:45:00+05:30,432.95,433.1,431.6,431.8,138789
592,2019-02-12 14:50:00+05:30,431.8,433.45,431.5,432.65,86040
593,2019-02-12 14:55:00+05:30,432.6,434.25,432.1,433.6,108148
594,2019-02-12 15:00:00+05:30,434.1,435.0,432.5,432.55,161321
595,2019-02-12 15:05:00+05:30,433.0,433.85,432.95,433.3,89407
596,2019-02-12 15:10:00+05:30,433.3,433.65,432.5,433.0,190010
597,2019-02-12 15:15:00+05:30,433.0,435.8,432.3,435.15,413288
598,2019-02-12 15:20:00+05:30,435.2,435.3,433.35,434.75,277222
599,2019-02-12 15:25:00+05:30,434.9,443.4,434.8,442.95,902580
600,2019-02-13 09:15:00+05:30,454.9,454.9,445.65,448.85,4385568
601,2019-02-13 09:20:00+05:30,448.8,453.15,448.5,449.0,1881683
602,2019-02-13 09:25:00+05:30,449.0,451.75,447.25,447.65,1208972
603,2019-02-13 09:30:00+05:30,447.65,449.75,447.15,447.75,643826
604,2019-02-13 09:35:00+05:30,447.55,450.45,447.0,448.7,728333
605,2019-02-13 09:40:00+05:30,448.8,449.85,448.4,449.3,256820
606,2019-02-13 09:45:00+05:30,449.25,449.35,448.15,448.6,196579
607,2019-02-13 09:50:00+05:30,448.65,448.7,444.75,445.75,1085786
608,2019-02-13 09:55:00+05:30,445.8,447.95,445.75,446.35,481744
609,2019-02-13 10:00:00+05:30,446.45,446.55,445.0,445.3,428404
610,2019-02-13 10:05:00+05:30,445.25,445.6,442.35,442.75,1041569
611,2019-02-13 10:10:00+05:30,442.8,443.55,441.6,443.45,749103
612,2019-02-13 10:15:00+05:30,443.4,444.3,442.0,443.8,473142
613,2019-02-13 10:20:00+05:30,443.8,445.8,442.6,445.45,438903
614,2019-02-13 10:25:00+05:30,445.4,445.75,444.25,445.0,220527
615,2019-02-13 10:30:00+05:30,444.95,445.0,443.15,443.2,185668
616,2019-02-13 10:35:00+05:30,443.3,444.35,443.0,443.85,189836
617,2019-02-13 10:40:00+05:30,443.85,445.4,443.75,445.3,177317
618,2019-02-13 10:45:00+05:30,445.3,447.2,445.1,445.6,412181
619,2019-02-13 10:50:00+05:30,445.5,445.5,443.0,443.35,233596
620,2019-02-13 10:55:00+05:30,443.3,444.8,443.25,444.7,142390
621,2019-02-13 11:00:00+05:30,444.8,445.45,444.4,444.55,127846
622,2019-02-13 11:05:00+05:30,444.6,444.75,443.7,444.0,106141
623,2019-02-13 11:10:00+05:30,443.75,444.0,443.05,443.3,143330
624,2019-02-13 11:15:00+05:30,443.25,444.3,443.2,444.15,108483
625,2019-02-13 11:20:00+05:30,444.15,444.35,439.75,441.8,966386
626,2019-02-13 11:25:00+05:30,442.0,442.7,441.05,442.5,273399
627,2019-02-13 11:30:00+05:30,442.5,442.8,441.8,442.2,134158
628,2019-02-13 11:35:00+05:30,442.25,442.6,441.85,442.35,107362
629,2019-02-13 11:40:00+05:30,442.3,443.95,442.0,443.9,263317
630,2019-02-13 11:45:00+05:30,443.9,443.9,442.7,443.15,104113
631,2019-02-13 11:50:00+05:30,443.2,443.75,441.5,441.65,160772
632,2019-02-13 11:55:00+05:30,441.5,442.6,441.05,441.45,175645
633,2019-02-13 12:00:00+05:30,441.45,441.6,435.8,436.85,1302085
634,2019-02-13 12:05:00+05:30,436.65,440.65,436.35,439.65,598510
635,2019-02-13 12:10:00+05:30,439.35,439.55,437.0,438.35,355959
636,2019-02-13 12:15:00+05:30,438.25,439.25,438.25,438.95,180050
637,2019-02-13 12:20:00+05:30,439.15,439.6,438.3,439.15,159953
638,2019-02-13 12:25:00+05:30,439.1,439.5,438.7,439.25,120348
639,2019-02-13 12:30:00+05:30,439.3,439.4,437.55,437.75,163289
640,2019-02-13 12:35:00+05:30,437.6,440.4,437.6,439.7,309344
641,2019-02-13 12:40:00+05:30,439.55,440.15,438.65,440.0,178302
642,2019-02-13 12:45:00+05:30,439.95,441.3,439.25,440.55,214137
643,2019-02-13 12:50:00+05:30,440.4,440.8,439.7,439.9,162775
644,2019-02-13 12:55:00+05:30,439.75,441.2,439.6,441.0,168099
645,2019-02-13 13:00:00+05:30,441.0,442.2,440.6,440.95,235173
646,2019-02-13 13:05:00+05:30,441.0,441.0,439.65,440.0,94737
647,2019-02-13 13:10:00+05:30,439.9,440.0,438.6,439.65,131447
648,2019-02-13 13:15:00+05:30,439.75,440.95,439.3,440.9,82490
649,2019-02-13 13:20:00+05:30,440.9,441.1,440.3,440.5,92947
650,2019-02-13 13:25:00+05:30,440.45,440.85,440.05,440.85,61606
651,2019-02-13 13:30:00+05:30,440.75,440.85,439.25,439.7,98758
652,2019-02-13 13:35:00+05:30,439.7,440.6,439.55,440.15,84109
653,2019-02-13 13:40:00+05:30,440.35,440.5,439.5,439.75,59530
654,2019-02-13 13:45:00+05:30,439.8,439.8,436.8,438.8,410493
655,2019-02-13 13:50:00+05:30,438.8,439.2,437.65,438.55,146564
656,2019-02-13 13:55:00+05:30,438.6,439.9,438.55,439.9,139387
657,2019-02-13 14:00:00+05:30,439.9,441.5,439.9,441.35,245631
658,2019-02-13 14:05:00+05:30,441.35,441.35,440.25,441.05,124344
659,2019-02-13 14:10:00+05:30,441.1,443.0,440.9,442.9,378084
660,2019-02-13 14:15:00+05:30,442.9,442.9,440.25,440.5,209949
661,2019-02-13 14:20:00+05:30,440.55,440.55,439.2,440.0,183442
662,2019-02-13 14:25:00+05:30,439.95,440.0,439.25,439.25,130521
663,2019-02-13 14:30:00+05:30,439.45,440.05,438.75,438.95,223752
664,2019-02-13 14:35:00+05:30,438.95,439.35,438.0,438.15,226654
665,2019-02-13 14:40:00+05:30,438.35,439.65,437.5,438.75,196558
666,2019-02-13 14:45:00+05:30,438.7,439.6,438.65,438.95,107470
667,2019-02-13 14:50:00+05:30,438.8,439.2,437.85,439.0,160965
668,2019-02-13 14:55:00+05:30,439.2,439.2,437.95,438.3,154846
669,2019-02-13 15:00:00+05:30,438.3,439.2,438.25,438.25,238377
670,2019-02-13 15:05:00+05:30,438.4,438.5,433.65,434.5,833064
671,2019-02-13 15:10:00+05:30,434.6,434.95,426.45,431.95,1741929
672,2019-02-13 15:15:00+05:30,431.95,431.95,428.0,429.9,1127824
673,2019-02-13 15:20:00+05:30,429.95,430.0,427.05,427.95,703073
674,2019-02-13 15:25:00+05:30,427.95,430.15,427.9,428.25,427249
675,2019-02-14 09:15:00+05:30,432.0,434.5,429.7,431.35,581876
676,2019-02-14 09:20:00+05:30,431.55,433.75,428.8,432.3,340872
677,2019-02-14 09:25:00+05:30,432.3,434.05,432.2,433.8,168509
678,2019-02-14 09:30:00+05:30,434.0,434.6,433.3,433.9,154966
679,2019-02-14 09:35:00+05:30,433.9,436.0,433.0,434.45,255523
680,2019-02-14 09:40:00+05:30,434.45,435.6,431.3,431.95,274712
681,2019-02-14 09:45:00+05:30,431.95,432.4,430.6,432.4,228081
682,2019-02-14 09:50:00+05:30,432.35,432.8,431.6,431.75,105407
683,2019-02-14 09:55:00+05:30,431.75,432.4,431.3,431.95,74165
684,2019-02-14 10:00:00+05:30,431.75,433.45,431.5,433.25,97530
685,2019-02-14 10:05:00+05:30,433.25,433.5,431.55,431.9,60158
686,2019-02-14 10:10:00+05:30,431.9,432.45,430.4,431.0,138002
687,2019-02-14 10:15:00+05:30,430.95,433.65,430.9,433.5,252901
688,2019-02-14 10:20:00+05:30,433.45,434.15,433.05,433.2,167893
689,2019-02-14 10:25:00+05:30,433.25,433.95,433.05,433.1,69758
690,2019-02-14 10:30:00+05:30,433.15,434.7,432.7,434.2,103424
691,2019-02-14 10:35:00+05:30,434.2,435.25,433.85,434.6,108501
692,2019-02-14 10:40:00+05:30,434.5,435.2,434.05,434.65,86827
693,2019-02-14 10:45:00+05:30,434.5,434.95,433.65,433.85,47893
694,2019-02-14 10:50:00+05:30,433.85,434.7,433.55,434.55,59274
695,2019-02-14 10:55:00+05:30,434.55,436.95,434.5,436.2,271471
696,2019-02-14 11:00:00+05:30,436.15,436.3,434.55,434.75,117428
697,2019-02-14 11:05:00+05:30,434.75,434.75,432.45,433.25,192514
698,2019-02-14 11:10:00+05:30,433.3,434.0,431.85,432.75,164379
699,2019-02-14 11:15:00+05:30,432.6,433.8,432.6,433.5,53944
700,2019-02-14 11:20:00+05:30,433.5,433.6,432.05,432.75,97175
701,2019-02-14 11:25:00+05:30,432.85,433.7,432.1,433.65,75582
702,2019-02-14 11:30:00+05:30,433.65,433.8,433.3,433.3,28002
703,2019-02-14 11:35:00+05:30,433.35,433.9,433.35,433.5,31437
704,2019-02-14 11:40:00+05:30,433.5,434.8,433.35,434.5,47697
705,2019-02-14 11:45:00+05:30,434.5,435.5,434.45,435.1,87725
706,2019-02-14 11:50:00+05:30,435.1,435.3,434.6,435.15,45447
707,2019-02-14 11:55:00+05:30,435.15,435.3,434.25,434.35,32968
708,2019-02-14 12:00:00+05:30,434.35,435.5,434.35,435.3,40182
709,2019-02-14 12:05:00+05:30,435.25,435.8,435.1,435.45,44924
710,2019-02-14 12:10:00+05:30,435.6,436.8,435.45,435.85,101383
711,2019-02-14 12:15:00+05:30,435.9,436.15,435.65,435.9,47422
712,2019-02-14 12:20:00+05:30,435.9,436.1,435.1,436.05,44343
713,2019-02-14 12:25:00+05:30,436.05,436.4,436.0,436.0,32561
714,2019-02-14 12:30:00+05:30,436.0,436.15,435.5,435.95,48471
715,2019-02-14 12:35:00+05:30,435.95,437.9,435.5,437.1,131382
716,2019-02-14 12:40:00+05:30,437.25,438.8,436.95,437.7,169148
717,2019-02-14 12:45:00+05:30,437.7,439.45,437.5,438.75,172327
718,2019-02-14 12:50:00+05:30,438.75,438.95,437.5,437.75,67020
719,2019-02-14 12:55:00+05:30,437.7,438.2,437.2,438.2,52491
720,2019-02-14 13:00:00+05:30,438.15,438.8,437.7,438.6,49138
721,2019-02-14 13:05:00+05:30,438.55,438.8,437.45,437.9,65832
722,2019-02-14 13:10:00+05:30,437.9,438.0,437.3,437.7,37593
723,2019-02-14 13:15:00+05:30,437.7,439.0,437.65,438.6,53721
724,2019-02-14 13:20:00+05:30,438.6,438.9,437.75,438.0,44186
725,2019-02-14 13:25:00+05:30,438.0,438.5,437.5,438.5,39511
726,2019-02-14 13:30:00+05:30,438.45,438.8,437.8,437.95,35292
727,2019-02-14 13:35:00+05:30,437.95,438.1,436.5,436.8,69924
728,2019-02-14 13:40:00+05:30,436.95,438.0,436.8,437.4,59121
729,2019-02-14 13:45:00+05:30,437.4,438.0,437.2,438.0,42084
730,2019-02-14 13:50:00+05:30,438.0,439.9,437.5,439.7,151138
731,2019-02-14 13:55:00+05:30,439.7,439.95,439.0,439.75,73047
732,2019-02-14 14:00:00+05:30,439.65,441.5,438.6,440.8,194319
733,2019-02-14 14:05:00+05:30,440.7,441.85,440.2,441.45,131746
734,2019-02-14 14:10:00+05:30,441.4,442.0,440.2,440.2,151267
735,2019-02-14 14:15:00+05:30,440.15,440.6,438.7,439.9,139689
736,2019-02-14 14:20:00+05:30,440.0,440.3,438.55,438.9,70167
737,2019-02-14 14:25:00+05:30,438.9,441.0,438.9,439.3,63348
738,2019-02-14 14:30:00+05:30,439.4,440.8,438.85,439.75,60868
739,2019-02-14 14:35:00+05:30,439.75,439.75,437.6,437.6,85470
740,2019-02-14 14:40:00+05:30,437.75,438.8,437.25,438.45,85270
741,2019-02-14 14:45:00+05:30,438.4,438.85,437.85,438.5,52986
742,2019-02-14 14:50:00+05:30,438.4,438.75,438.0,438.25,52626
743,2019-02-14 14:55:00+05:30,438.1,438.25,435.55,437.0,160928
744,2019-02-14 15:00:00+05:30,436.95,439.4,436.65,439.0,126533
745,2019-02-14 15:05:00+05:30,439.0,440.0,438.0,439.9,202072
746,2019-02-14 15:10:00+05:30,440.3,441.5,439.3,440.7,323496
747,2019-02-14 15:15:00+05:30,440.6,441.9,440.55,440.9,220857
748,2019-02-14 15:20:00+05:30,441.1,443.0,440.0,442.3,423343
749,2019-02-14 15:25:00+05:30,442.1,442.35,440.65,441.0,177862
750,2019-02-15 09:15:00+05:30,440.75,440.75,432.15,433.9,379912
751,2019-02-15 09:20:00+05:30,434.0,434.0,431.05,431.35,224039
752,2019-02-15 09:25:00+05:30,431.35,432.9,430.5,432.0,210474
753,2019-02-15 09:30:00+05:30,432.0,432.0,427.65,429.15,373773
754,2019-02-15 09:35:00+05:30,429.15,430.35,428.7,428.85,156397
755,2019-02-15 09:40:00+05:30,429.0,429.45,428.2,428.8,100797
756,2019-02-15 09:45:00+05:30,428.75,429.2,427.15,427.85,194129
757,2019-02-15 09:50:00+05:30,428.05,429.35,428.0,428.8,109322
758,2019-02-15 09:55:00+05:30,428.8,429.7,428.5,428.75,78022
759,2019-02-15 10:00:00+05:30,428.75,429.05,427.75,428.95,100962
760,2019-02-15 10:05:00+05:30,428.85,428.95,427.6,427.65,91913
761,2019-02-15 10:10:00+05:30,427.65,428.15,423.75,425.2,475296
762,2019-02-15 10:15:00+05:30,424.85,426.5,423.3,425.4,418631
763,2019-02-15 10:20:00+05:30,425.4,427.4,425.3,427.1,235501
764,2019-02-15 10:25:00+05:30,426.8,427.1,425.4,425.85,95763
765,2019-02-15 10:30:00+05:30,426.0,426.2,425.2,425.3,121560
766,2019-02-15 10:35:00+05:30,425.4,426.0,425.1,425.25,174741
767,2019-02-15 10:40:00+05:30,425.2,426.8,425.1,426.8,138884
768,2019-02-15 10:45:00+05:30,426.6,427.0,425.35,425.95,109060
769,2019-02-15 10:50:00+05:30,425.75,425.95,424.4,424.95,83021
770,2019-02-15 10:55:00+05:30,424.9,425.3,424.15,425.0,58011
771,2019-02-15 11:00:00+05:30,424.95,425.0,422.5,422.95,222646
772,2019-02-15 11:05:00+05:30,422.95,423.75,422.5,422.8,141447
773,2019-02-15 11:10:00+05:30,422.7,423.45,421.75,421.95,143302
774,2019-02-15 11:15:00+05:30,422.0,422.7,421.7,422.35,94842
775,2019-02-15 11:20:00+05:30,422.35,422.6,421.65,422.35,110304
776,2019-02-15 11:25:00+05:30,422.35,422.35,420.05,420.3,163798
777,2019-02-15 11:30:00+05:30,420.4,422.4,420.2,422.3,205367
778,2019-02-15 11:35:00+05:30,422.25,422.3,421.2,421.6,100605
779,2019-02-15 11:40:00+05:30,421.35,421.8,421.25,421.75,63094
780,2019-02-15 11:45:00+05:30,421.7,421.75,421.05,421.4,56094
781,2019-02-15 11:50:00+05:30,421.35,421.65,420.5,420.8,69730
782,2019-02-15 11:55:00+05:30,420.85,421.25,420.3,421.0,71520
783,2019-02-15 12:00:00+05:30,421.0,421.35,419.6,419.6,148680
784,2019-02-15 12:05:00+05:30,419.9,420.15,418.2,418.75,251080
785,2019-02-15 12:10:00+05:30,418.5,419.1,417.55,418.4,189708
786,2019-02-15 12:15:00+05:30,418.6,418.6,416.45,418.3,223560
787,2019-02-15 12:20:00+05:30,418.15,420.35,417.85,419.2,165777
788,2019-02-15 12:25:00+05:30,419.0,420.35,418.65,420.1,86254
789,2019-02-15 12:30:00+05:30,420.0,420.2,418.75,419.0,82934
790,2019-02-15 12:35:00+05:30,418.85,419.5,418.35,418.9,83439
791,2019-02-15 12:40:00+05:30,418.9,419.95,418.3,419.8,46080
792,2019-02-15 12:45:00+05:30,419.8,421.5,419.55,421.2,99675
793,2019-02-15 12:50:00+05:30,421.2,421.2,419.7,420.1,73148
794,2019-02-15 12:55:00+05:30,420.1,420.6,419.75,419.95,47223
795,2019-02-15 13:00:00+05:30,419.95,420.9,419.85,420.85,46887
796,2019-02-15 13:05:00+05:30,420.9,422.9,420.5,422.75,162354
797,2019-02-15 13:10:00+05:30,422.75,423.0,421.5,421.8,87212
798,2019-02-15 13:15:00+05:30,421.5,422.95,421.5,422.6,77258
799,2019-02-15 13:20:00+05:30,422.6,422.7,421.5,421.95,43686
800,2019-02-15 13:25:00+05:30,421.95,423.5,421.9,422.8,89745
801,2019-02-15 13:30:00+05:30,422.8,423.0,422.25,423.0,34378
802,2019-02-15 13:35:00+05:30,423.0,423.0,422.0,423.0,69693
803,2019-02-15 13:40:00+05:30,423.0,423.5,422.7,423.4,76057
804,2019-02-15 13:45:00+05:30,423.25,424.0,422.65,423.6,132983
805,2019-02-15 13:50:00+05:30,423.7,424.45,423.15,423.8,87483
806,2019-02-15 13:55:00+05:30,423.8,424.9,423.5,424.35,84203
807,2019-02-15 14:00:00+05:30,424.35,425.3,424.25,424.55,129268
808,2019-02-15 14:05:00+05:30,424.75,424.75,422.95,424.0,111547
809,2019-02-15 14:10:00+05:30,424.0,424.95,423.65,424.25,63354
810,2019-02-15 14:15:00+05:30,424.2,425.35,424.0,424.95,78388
811,2019-02-15 14:20:00+05:30,424.95,425.1,423.25,423.5,79239
812,2019-02-15 14:25:00+05:30,423.6,424.95,423.5,424.65,53047
813,2019-02-15 14:30:00+05:30,424.4,425.2,424.15,424.9,84902
814,2019-02-15 14:35:00+05:30,424.9,425.0,424.4,424.55,52555
815,2019-02-15 14:40:00+05:30,424.7,424.7,422.4,423.55,112490
816,2019-02-15 14:45:00+05:30,423.55,423.7,422.0,422.6,101534
817,2019-02-15 14:50:00+05:30,422.65,424.0,422.3,423.65,106610
818,2019-02-15 14:55:00+05:30,423.7,424.5,423.25,423.3,77835
819,2019-02-15 15:00:00+05:30,423.2,423.5,421.6,421.9,186884
820,2019-02-15 15:05:00+05:30,421.75,424.15,421.75,424.0,173839
821,2019-02-15 15:10:00+05:30,423.95,424.0,422.8,423.35,190275
822,2019-02-15 15:15:00+05:30,423.35,423.75,422.55,422.75,297807
823,2019-02-15 15:20:00+05:30,422.85,423.15,422.0,422.7,283672
824,2019-02-15 15:25:00+05:30,422.7,423.45,422.45,423.0,148120
825,2019-02-18 09:15:00+05:30,424.5,428.0,424.1,425.75,279663
826,2019-02-18 09:20:00+05:30,425.75,427.75,425.5,425.9,185558
827,2019-02-18 09:25:00+05:30,425.9,426.3,423.05,424.0,161832
828,2019-02-18 09:30:00+05:30,424.0,426.5,423.45,424.4,120678
829,2019-02-18 09:35:00+05:30,424.4,425.45,423.85,424.75,83288
830,2019-02-18 09:40:00+05:30,424.85,424.95,422.45,422.9,136556
831,2019-02-18 09:45:00+05:30,422.8,424.95,422.1,422.4,197537
832,2019-02-18 09:50:00+05:30,422.5,423.75,421.0,421.35,195771
833,2019-02-18 09:55:00+05:30,421.35,422.35,420.55,421.8,102714
834,2019-02-18 10:00:00+05:30,421.65,422.7,420.7,422.55,79081
835,2019-02-18 10:05:00+05:30,422.55,422.7,421.1,421.65,43579
836,2019-02-18 10:10:00+05:30,421.7,422.7,421.65,422.35,46196
837,2019-02-18 10:15:00+05:30,422.6,423.25,422.0,423.15,52700
838,2019-02-18 10:20:00+05:30,423.2,423.9,422.95,423.5,47525
839,2019-02-18 10:25:00+05:30,423.5,423.5,422.15,422.2,52689
840,2019-02-18 10:30:00+05:30,422.2,422.65,421.65,422.45,73992
841,2019-02-18 10:35:00+05:30,422.3,422.5,421.8,422.0,54969
842,2019-02-18 10:40:00+05:30,422.0,422.0,421.1,421.5,53967
843,2019-02-18 10:45:00+05:30,421.5,421.9,420.45,421.2,86007
844,2019-02-18 10:50:00+05:30,421.2,421.2,419.6,419.7,78015
845,2019-02-18 10:55:00+05:30,419.85,420.8,419.5,420.35,87824
846,2019-02-18 11:00:00+05:30,420.35,421.25,420.1,420.8,55738
847,2019-02-18 11:05:00+05:30,420.85,420.85,419.75,419.85,48435
848,2019-02-18 11:10:00+05:30,419.6,420.0,418.35,419.0,106596
849,2019-02-18 11:15:00+05:30,418.9,419.8,418.55,419.3,73746
850,2019-02-18 11:20:00+05:30,419.25,419.3,418.5,418.65,40040
851,2019-02-18 11:25:00+05:30,418.65,419.35,418.65,419.0,33324
852,2019-02-18 11:30:00+05:30,419.0,420.65,419.0,420.35,67425
853,2019-02-18 11:35:00+05:30,420.35,420.95,420.3,420.7,44878
854,2019-02-18 11:40:00+05:30,420.75,420.75,419.35,419.8,41768
855,2019-02-18 11:45:00+05:30,419.8,420.85,419.75,420.8,29270
856,2019-02-18 11:50:00+05:30,420.8,421.3,420.2,420.25,59402
857,2019-02-18 11:55:00+05:30,420.25,420.95,419.8,420.75,51084
858,2019-02-18 12:00:00+05:30,420.8,420.95,419.25,419.55,86546
859,2019-02-18 12:05:00+05:30,419.4,419.6,418.1,418.35,105418
860,2019-02-18 12:10:00+05:30,418.35,419.35,418.0,418.85,60401
861,2019-02-18 12:15:00+05:30,418.85,419.25,418.5,418.75,33733
862,2019-02-18 12:20:00+05:30,418.9,419.5,418.6,419.5,34788
863,2019-02-18 12:25:00+05:30,419.5,419.85,419.15,419.55,38038
864,2019-02-18 12:30:00+05:30,419.55,420.25,419.2,419.95,38408
865,2019-02-18 12:35:00+05:30,419.95,420.0,418.85,418.85,31701
866,2019-02-18 12:40:00+05:30,418.85,419.45,418.4,419.3,32830
867,2019-02-18 12:45:00+05:30,419.4,419.7,418.8,419.25,31688
868,2019-02-18 12:50:00+05:30,419.25,419.55,419.0,419.5,27144
869,2019-02-18 12:55:00+05:30,419.55,420.0,419.15,419.8,55947
870,2019-02-18 13:00:00+05:30,419.9,419.9,418.5,418.9,73588
871,2019-02-18 13:05:00+05:30,418.9,419.2,418.6,418.65,23946
872,2019-02-18 13:10:00+05:30,418.65,418.75,418.0,418.15,63607
873,2019-02-18 13:15:00+05:30,418.15,418.15,417.25,417.85,97027
874,2019-02-18 13:20:00+05:30,417.8,418.4,417.7,417.9,32038
875,2019-02-18 13:25:00+05:30,417.95,418.5,417.8,417.85,38463
876,2019-02-18 13:30:00+05:30,417.85,418.05,417.3,417.55,36114
877,2019-02-18 13:35:00+05:30,417.6,418.0,417.3,417.9,56825
878,2019-02-18 13:40:00+05:30,417.7,418.05,417.5,418.05,31502
879,2019-02-18 13:45:00+05:30,418.0,418.05,417.6,417.9,29389
880,2019-02-18 13:50:00+05:30,417.95,418.0,416.35,416.6,107939
881,2019-02-18 13:55:00+05:30,416.7,417.45,416.4,416.5,46942
882,2019-02-18 14:00:00+05:30,416.5,416.85,415.4,415.9,123607
883,2019-02-18 14:05:00+05:30,415.9,416.25,415.5,415.9,50803
884,2019-02-18 14:10:00+05:30,415.85,415.9,414.5,414.9,176934
885,2019-02-18 14:15:00+05:30,415.05,416.7,415.05,416.3,91081
886,2019-02-18 14:20:00+05:30,416.45,416.8,415.8,415.85,57404
887,2019-02-18 14:25:00+05:30,415.85,416.7,415.35,416.25,58147
888,2019-02-18 14:30:00+05:30,416.25,416.7,415.6,415.7,62516
889,2019-02-18 14:35:00+05:30,415.65,416.1,415.25,415.9,44510
890,2019-02-18 14:40:00+05:30,415.9,415.95,415.0,415.55,77348
891,2019-02-18 14:45:00+05:30,415.75,415.85,414.75,415.05,71249
892,2019-02-18 14:50:00+05:30,415.1,415.45,414.3,414.85,112416
893,2019-02-18 14:55:00+05:30,414.95,415.65,414.85,415.1,88376
894,2019-02-18 15:00:00+05:30,415.2,415.55,414.45,415.5,167196
895,2019-02-18 15:05:00+05:30,415.5,416.0,415.3,415.5,117833
896,2019-02-18 15:10:00+05:30,415.4,415.65,414.5,414.85,181580
897,2019-02-18 15:15:00+05:30,414.95,415.0,413.35,414.35,313918
898,2019-02-18 15:20:00+05:30,414.35,414.9,413.55,414.5,189990
899,2019-02-18 15:25:00+05:30,414.5,415.0,414.25,414.65,131713
900,2019-02-19 09:15:00+05:30,417.15,419.75,417.0,418.7,283220
901,2019-02-19 09:20:00+05:30,418.5,418.95,416.3,416.45,127235
902,2019-02-19 09:25:00+05:30,416.45,416.7,415.7,416.35,114788
903,2019-02-19 09:30:00+05:30,416.4,417.5,415.25,417.3,90735
904,2019-02-19 09:35:00+05:30,417.15,417.5,416.55,417.45,68316
905,2019-02-19 09:40:00+05:30,417.5,419.65,417.5,419.55,191224
906,2019-02-19 09:45:00+05:30,420.25,422.15,420.2,420.6,320114
907,2019-02-19 09:50:00+05:30,420.65,420.8,419.25,419.6,75088
908,2019-02-19 09:55:00+05:30,419.6,419.8,417.0,417.45,99104
909,2019-02-19 10:00:00+05:30,417.45,418.5,417.4,418.45,60892
910,2019-02-19 10:05:00+05:30,418.45,418.7,417.75,418.05,57064
911,2019-02-19 10:10:00+05:30,418.05,418.05,417.2,417.65,48059
912,2019-02-19 10:15:00+05:30,417.65,418.65,417.25,418.5,52641
913,2019-02-19 10:20:00+05:30,418.3,419.8,418.3,418.45,88648
914,2019-02-19 10:25:00+05:30,418.5,418.85,418.4,418.6,23145
915,2019-02-19 10:30:00+05:30,418.55,418.95,418.15,418.4,22874
916,2019-02-19 10:35:00+05:30,418.65,418.95,417.85,418.65,49821
917,2019-02-19 10:40:00+05:30,418.6,419.3,418.25,418.55,46908
918,2019-02-19 10:45:00+05:30,418.55,419.35,418.35,418.95,31046
919,2019-02-19 10:50:00+05:30,418.95,419.5,418.9,419.05,24581
920,2019-02-19 10:55:00+05:30,419.2,419.2,418.25,418.5,24956
921,2019-02-19 11:00:00+05:30,418.5,419.0,418.5,418.7,18188
922,2019-02-19 11:05:00+05:30,418.7,419.05,418.55,418.95,28072
923,2019-02-19 11:10:00+05:30,418.95,418.95,418.25,418.5,33541
924,2019-02-19 11:15:00+05:30,418.5,418.5,417.8,418.0,42054
925,2019-02-19 11:20:00+05:30,417.9,418.3,417.9,417.95,20352
926,2019-02-19 11:25:00+05:30,417.95,418.0,417.35,417.85,31364
927,2019-02-19 11:30:00+05:30,417.85,418.2,417.75,418.0,16293
928,2019-02-19 11:35:00+05:30,418.0,418.1,416.0,417.5,89096
929,2019-02-19 11:40:00+05:30,417.5,417.75,417.0,417.25,30894
930,2019-02-19 11:45:00+05:30,417.0,418.25,417.0,417.95,27031
931,2019-02-19 11:50:00+05:30,418.0,418.85,417.75,417.75,34094
932,2019-02-19 11:55:00+05:30,417.75,417.8,417.35,417.5,15984
933,2019-02-19 12:00:00+05:30,417.5,417.55,417.1,417.3,20255
934,2019-02-19 12:05:00+05:30,417.3,417.4,416.5,416.8,38491
935,2019-02-19 12:10:00+05:30,416.8,417.3,416.5,417.2,32925
936,2019-02-19 12:15:00+05:30,417.2,418.0,417.1,417.65,34838
937,2019-02-19 12:20:00+05:30,417.65,418.1,417.5,417.9,30188
938,2019-02-19 12:25:00+05:30,417.9,418.85,417.55,418.15,45111
939,2019-02-19 12:30:00+05:30,418.15,418.55,417.85,418.05,26317
940,2019-02-19 12:35:00+05:30,418.05,418.8,418.05,418.8,22951
941,2019-02-19 12:40:00+05:30,418.8,420.0,418.55,419.55,119541
942,2019-02-19 12:45:00+05:30,419.7,420.4,419.35,419.45,72130
943,2019-02-19 12:50:00+05:30,419.45,420.5,419.2,420.3,48496
944,2019-02-19 12:55:00+05:30,420.4,420.5,419.35,419.35,35936
945,2019-02-19 13:00:00+05:30,419.2,419.95,419.0,419.6,48515
946,2019-02-19 13:05:00+05:30,419.6,419.8,419.0,419.7,29590
947,2019-02-19 13:10:00+05:30,419.7,419.7,419.0,419.4,31392
948,2019-02-19 13:15:00+05:30,419.35,419.7,419.0,419.0,19527
949,2019-02-19 13:20:00+05:30,419.0,419.3,419.0,419.05,17021
950,2019-02-19 13:25:00+05:30,419.1,420.5,419.0,420.45,61437
951,2019-02-19 13:30:00+05:30,420.4,421.0,419.7,419.85,95406
952,2019-02-19 13:35:00+05:30,419.85,420.45,419.7,419.9,32172
953,2019-02-19 13:40:00+05:30,419.9,419.95,418.75,419.0,48063
954,2019-02-19 13:45:00+05:30,419.0,419.3,418.1,418.35,63854
955,2019-02-19 13:50:00+05:30,418.35,418.75,418.1,418.35,19797
956,2019-02-19 13:55:00+05:30,418.35,418.95,417.7,417.9,47206
957,2019-02-19 14:00:00+05:30,417.8,418.0,417.6,417.8,33341
958,2019-02-19 14:05:00+05:30,417.8,418.0,417.65,417.8,26687
959,2019-02-19 14:10:00+05:30,417.8,417.95,416.9,416.9,55121
960,2019-02-19 14:15:00+05:30,416.9,417.0,416.1,416.75,69692
961,2019-02-19 14:20:00+05:30,416.8,418.0,416.3,416.55,51809
962,2019-02-19 14:25:00+05:30,416.75,417.5,416.35,416.8,46519
963,2019-02-19 14:30:00+05:30,416.85,417.65,416.5,416.55,33088
964,2019-02-19 14:35:00+05:30,416.5,417.05,416.45,416.5,35294
965,2019-02-19 14:40:00+05:30,416.5,416.5,414.2,414.85,134174
966,2019-02-19 14:45:00+05:30,414.95,415.5,414.0,414.1,111689
967,2019-02-19 14:50:00+05:30,413.85,416.45,413.6,415.7,142157
968,2019-02-19 14:55:00+05:30,415.7,415.95,414.1,414.15,63959
969,2019-02-19 15:00:00+05:30,414.1,415.45,414.05,414.3,79400
970,2019-02-19 15:05:00+05:30,414.25,415.0,414.25,414.65,45123
971,2019-02-19 15:10:00+05:30,414.65,414.85,412.7,413.25,132225
972,2019-02-19 15:15:00+05:30,413.25,413.8,412.45,413.25,153964
973,2019-02-19 15:20:00+05:30,413.25,413.95,413.1,413.45,116254
974,2019-02-19 15:25:00+05:30,413.45,413.95,413.4,413.7,72618
975,2019-02-20 09:15:00+05:30,418.0,418.25,416.75,418.25,240227
976,2019-02-20 09:20:00+05:30,418.3,419.6,418.2,418.75,131534
977,2019-02-20 09:25:00+05:30,418.9,419.75,418.6,419.0,116473
978,2019-02-20 09:30:00+05:30,419.0,420.4,418.6,419.8,131296
979,2019-02-20 09:35:00+05:30,419.8,419.9,419.0,419.0,67975
980,2019-02-20 09:40:00+05:30,419.05,419.2,418.1,418.4,74953
981,2019-02-20 09:45:00+05:30,418.4,418.9,417.8,418.75,70482
982,2019-02-20 09:50:00+05:30,418.75,418.75,417.65,417.75,51952
983,2019-02-20 09:55:00+05:30,417.75,418.25,417.25,417.95,72320
984,2019-02-20 10:00:00+05:30,417.9,418.0,417.3,417.5,50169
985,2019-02-20 10:05:00+05:30,417.5,417.65,416.6,417.25,90911
986,2019-02-20 10:10:00+05:30,417.25,418.4,417.1,417.75,59128
987,2019-02-20 10:15:00+05:30,417.7,418.2,417.5,418.05,28906
988,2019-02-20 10:20:00+05:30,418.05,418.4,417.15,417.3,73878
989,2019-02-20 10:25:00+05:30,417.3,418.65,417.25,418.0,51173
990,2019-02-20 10:30:00+05:30,418.2,418.45,417.85,418.0,16564
991,2019-02-20 10:35:00+05:30,417.9,418.0,417.3,417.35,26828
992,2019-02-20 10:40:00+05:30,417.35,417.95,417.3,417.8,23160
993,2019-02-20 10:45:00+05:30,417.75,417.9,417.0,417.75,51460
994,2019-02-20 10:50:00+05:30,417.7,418.3,417.5,417.6,22987
995,2019-02-20 10:55:00+05:30,417.55,418.05,417.3,417.75,29780
996,2019-02-20 11:00:00+05:30,417.6,418.0,417.45,417.9,17571
997,2019-02-20 11:05:00+05:30,417.9,418.3,417.4,417.85,24268
998,2019-02-20 11:10:00+05:30,417.75,418.25,417.15,418.25,65084
999,2019-02-20 11:15:00+05:30,418.2,418.3,418.0,418.0,40304
1000,2019-02-20 11:20:00+05:30,418.3,418.45,418.0,418.15,44480
1001,2019-02-20 11:25:00+05:30,418.15,418.3,418.0,418.1,19943
1002,2019-02-20 11:30:00+05:30,418.1,418.35,418.0,418.15,21985
1003,2019-02-20 11:35:00+05:30,418.05,418.35,418.0,418.0,18738
1004,2019-02-20 11:40:00+05:30,418.0,418.35,418.0,418.05,17648
1005,2019-02-20 11:45:00+05:30,418.0,418.1,417.55,418.0,38092
1006,2019-02-20 11:50:00+05:30,417.85,418.0,417.3,417.35,27928
1007,2019-02-20 11:55:00+05:30,417.35,417.55,417.0,417.35,41327
1008,2019-02-20 12:00:00+05:30,417.3,417.65,417.2,417.55,16309
1009,2019-02-20 12:05:00+05:30,417.55,417.9,417.5,417.6,13634
1010,2019-02-20 12:10:00+05:30,417.55,418.05,417.3,417.5,21361
1011,2019-02-20 12:15:00+05:30,417.3,417.9,417.3,417.75,13474
1012,2019-02-20 12:20:00+05:30,417.75,418.0,417.4,417.4,10342
1013,2019-02-20 12:25:00+05:30,417.4,417.8,417.25,417.65,9595
1014,2019-02-20 12:30:00+05:30,417.75,417.95,417.55,417.55,16163
1015,2019-02-20 12:35:00+05:30,417.6,418.05,417.3,417.75,22308
1016,2019-02-20 12:40:00+05:30,418.0,418.05,417.4,417.65,14996
1017,2019-02-20 12:45:00+05:30,417.55,417.95,417.45,417.75,11603
1018,2019-02-20 12:50:00+05:30,417.7,418.05,417.5,417.55,10253
1019,2019-02-20 12:55:00+05:30,417.55,418.05,417.3,417.6,20517
1020,2019-02-20 13:00:00+05:30,417.6,418.0,417.35,417.45,10253
1021,2019-02-20 13:05:00+05:30,417.45,417.75,417.35,417.4,6825
1022,2019-02-20 13:10:00+05:30,417.4,418.05,417.2,417.85,17324
1023,2019-02-20 13:15:00+05:30,417.75,417.95,417.55,417.65,8311
1024,2019-02-20 13:20:00+05:30,417.6,418.05,417.5,417.85,17557
1025,2019-02-20 13:25:00+05:30,417.75,418.3,417.6,418.1,38106
1026,2019-02-20 13:30:00+05:30,418.1,419.45,418.0,419.15,95446
1027,2019-02-20 13:35:00+05:30,419.0,419.4,418.8,419.35,44503
1028,2019-02-20 13:40:00+05:30,419.35,419.4,418.2,418.45,33431
1029,2019-02-20 13:45:00+05:30,418.45,419.1,418.4,418.6,25734
1030,2019-02-20 13:50:00+05:30,418.6,419.85,418.6,419.6,62713
1031,2019-02-20 13:55:00+05:30,419.6,421.0,419.6,420.2,206373
1032,2019-02-20 14:00:00+05:30,420.2,421.0,420.2,420.25,83767
1033,2019-02-20 14:05:00+05:30,420.35,420.35,418.25,418.25,76436
1034,2019-02-20 14:10:00+05:30,418.3,418.5,418.0,418.2,76227
1035,2019-02-20 14:15:00+05:30,418.0,419.4,418.0,419.35,45520
1036,2019-02-20 14:20:00+05:30,419.35,419.4,418.35,418.5,22066
1037,2019-02-20 14:25:00+05:30,418.4,418.7,418.05,418.1,27017
1038,2019-02-20 14:30:00+05:30,418.2,419.55,418.05,419.05,63698
1039,2019-02-20 14:35:00+05:30,419.05,419.9,418.6,419.55,39169
1040,2019-02-20 14:40:00+05:30,419.55,419.8,418.6,419.15,29415
1041,2019-02-20 14:45:00+05:30,419.15,419.8,419.05,419.55,29595
1042,2019-02-20 14:50:00+05:30,419.55,419.7,419.0,419.05,30159
1043,2019-02-20 14:55:00+05:30,419.1,420.0,419.1,419.95,64408
1044,2019-02-20 15:00:00+05:30,419.95,422.3,419.95,420.3,301698
1045,2019-02-20 15:05:00+05:30,420.35,421.5,420.1,421.3,183109
1046,2019-02-20 15:10:00+05:30,421.35,423.75,421.3,423.45,259243
1047,2019-02-20 15:15:00+05:30,423.45,423.8,422.75,423.15,188210
1048,2019-02-20 15:20:00+05:30,423.15,424.4,423.05,423.75,170588
1049,2019-02-20 15:25:00+05:30,423.75,423.85,423.2,423.5,78343
1050,2019-02-21 09:15:00+05:30,425.2,427.7,423.75,426.35,220143
1051,2019-02-21 09:20:00+05:30,426.6,428.9,426.35,427.85,209895
1052,2019-02-21 09:25:00+05:30,427.6,428.25,426.95,427.05,114864
1053,2019-02-21 09:30:00+05:30,427.1,427.65,426.1,427.05,84569
1054,2019-02-21 09:35:00+05:30,427.3,427.3,424.75,425.35,163701
1055,2019-02-21 09:40:00+05:30,425.3,425.5,422.7,424.0,187623
1056,2019-02-21 09:45:00+05:30,424.0,425.0,423.85,424.75,66812
1057,2019-02-21 09:50:00+05:30,424.75,425.5,424.2,425.1,50336
1058,2019-02-21 09:55:00+05:30,425.15,427.3,425.1,426.15,84322
1059,2019-02-21 10:00:00+05:30,426.1,426.65,426.1,426.55,32249
1060,2019-02-21 10:05:00+05:30,426.55,426.65,425.5,425.85,47260
1061,2019-02-21 10:10:00+05:30,425.85,427.85,425.7,426.75,73776
1062,2019-02-21 10:15:00+05:30,426.95,427.1,426.3,426.65,28978
1063,2019-02-21 10:20:00+05:30,426.65,426.9,426.05,426.05,21170
1064,2019-02-21 10:25:00+05:30,426.1,426.55,426.05,426.3,19677
1065,2019-02-21 10:30:00+05:30,426.35,426.5,424.8,425.1,49487
1066,2019-02-21 10:35:00+05:30,425.1,425.85,425.1,425.5,31672
1067,2019-02-21 10:40:00+05:30,425.45,425.85,425.15,425.4,31639
1068,2019-02-21 10:45:00+05:30,425.45,425.8,425.3,425.6,18941
1069,2019-02-21 10:50:00+05:30,425.6,426.55,425.6,425.8,23761
1070,2019-02-21 10:55:00+05:30,425.8,425.85,425.0,425.4,29185
1071,2019-02-21 11:00:00+05:30,425.55,426.45,425.4,425.95,23378
1072,2019-02-21 11:05:00+05:30,425.9,426.0,425.4,425.55,14436
1073,2019-02-21 11:10:00+05:30,425.45,425.5,424.8,424.95,35299
1074,2019-02-21 11:15:00+05:30,424.95,425.0,424.1,424.65,56768
1075,2019-02-21 11:20:00+05:30,424.35,424.95,424.05,424.7,44781
1076,2019-02-21 11:25:00+05:30,424.7,425.9,424.7,425.75,25135
1077,2019-02-21 11:30:00+05:30,425.8,426.4,425.5,425.6,24236
1078,2019-02-21 11:35:00+05:30,425.65,425.75,422.85,423.3,159190
1079,2019-02-21 11:40:00+05:30,423.25,424.75,423.1,424.75,51422
1080,2019-02-21 11:45:00+05:30,424.7,425.35,424.5,425.15,34599
1081,2019-02-21 11:50:00+05:30,425.15,425.75,424.75,425.55,27109
1082,2019-02-21 11:55:00+05:30,425.55,425.65,425.25,425.4,22873
1083,2019-02-21 12:00:00+05:30,425.45,425.9,425.35,425.75,27165
1084,2019-02-21 12:05:00+05:30,425.75,426.0,425.3,425.8,38578
1085,2019-02-21 12:10:00+05:30,425.8,425.8,425.2,425.25,14791
1086,2019-02-21 12:15:00+05:30,425.3,425.5,425.1,425.4,15181
1087,2019-02-21 12:20:00+05:30,425.4,426.15,425.0,425.15,38872
1088,2019-02-21 12:25:00+05:30,425.2,426.15,425.15,425.9,35010
1089,2019-02-21 12:30:00+05:30,425.9,426.0,425.35,425.85,16134
1090,2019-02-21 12:35:00+05:30,425.9,425.9,425.55,425.7,7381
1091,2019-02-21 12:40:00+05:30,425.7,426.25,425.65,426.15,19032
1092,2019-02-21 12:45:00+05:30,426.2,426.95,426.15,426.85,39601
1093,2019-02-21 12:50:00+05:30,426.8,427.0,426.55,427.0,45898
1094,2019-02-21 12:55:00+05:30,427.0,427.5,426.8,427.35,39265
1095,2019-02-21 13:00:00+05:30,427.3,427.45,426.75,427.05,28073
1096,2019-02-21 13:05:00+05:30,427.05,427.4,426.7,427.05,30137
1097,2019-02-21 13:10:00+05:30,427.05,427.55,426.95,427.2,36632
1098,2019-02-21 13:15:00+05:30,427.25,427.25,426.65,427.0,19842
1099,2019-02-21 13:20:00+05:30,427.0,427.0,426.25,427.0,19976
1100,2019-02-21 13:25:00+05:30,427.0,427.15,426.25,426.4,18171
1101,2019-02-21 13:30:00+05:30,426.4,426.5,425.75,425.95,30214
1102,2019-02-21 13:35:00+05:30,425.95,426.05,425.85,425.85,13628
1103,2019-02-21 13:40:00+05:30,425.9,425.95,425.6,425.75,21748
1104,2019-02-21 13:45:00+05:30,425.8,427.0,425.75,426.45,18797
1105,2019-02-21 13:50:00+05:30,426.5,426.85,426.45,426.5,13614
1106,2019-02-21 13:55:00+05:30,426.55,426.8,426.1,426.6,13718
1107,2019-02-21 14:00:00+05:30,426.85,428.0,426.6,427.95,93295
1108,2019-02-21 14:05:00+05:30,427.75,430.0,427.6,429.6,259776
1109,2019-02-21 14:10:00+05:30,429.4,430.5,429.3,430.5,164245
1110,2019-02-21 14:15:00+05:30,430.6,431.8,429.8,431.55,154165
1111,2019-02-21 14:20:00+05:30,431.75,432.0,431.0,431.1,128543
1112,2019-02-21 14:25:00+05:30,431.1,431.3,430.55,430.9,65590
1113,2019-02-21 14:30:00+05:30,430.9,430.9,430.15,430.35,49241
1114,2019-02-21 14:35:00+05:30,430.35,430.35,429.05,429.15,90592
1115,2019-02-21 14:40:00+05:30,429.2,430.0,428.8,429.0,55306
1116,2019-02-21 14:45:00+05:30,429.0,429.65,428.65,429.5,24595
1117,2019-02-21 14:50:00+05:30,429.5,430.45,429.3,429.75,51847
1118,2019-02-21 14:55:00+05:30,429.8,429.8,428.6,429.45,54840
1119,2019-02-21 15:00:00+05:30,429.45,430.5,429.35,430.4,91741
1120,2019-02-21 15:05:00+05:30,430.1,430.35,429.55,429.65,76066
1121,2019-02-21 15:10:00+05:30,429.65,429.7,428.25,428.85,136703
1122,2019-02-21 15:15:00+05:30,428.9,430.0,428.85,429.25,148803
1123,2019-02-21 15:20:00+05:30,429.3,431.4,429.2,430.0,239005
1124,2019-02-21 15:25:00+05:30,429.95,430.8,429.15,430.35,128970
1125,2019-02-22 09:15:00+05:30,431.0,431.0,428.45,429.0,113115
1126,2019-02-22 09:20:00+05:30,429.0,432.9,428.7,432.7,153343
1127,2019-02-22 09:25:00+05:30,432.75,433.4,432.0,433.4,86999
1128,2019-02-22 09:30:00+05:30,433.2,434.15,432.75,433.55,137435
1129,2019-02-22 09:35:00+05:30,433.45,433.7,432.3,432.5,103006
1130,2019-02-22 09:40:00+05:30,432.55,432.7,431.5,432.4,88132
1131,2019-02-22 09:45:00+05:30,432.45,433.1,432.0,433.05,42172
1132,2019-02-22 09:50:00+05:30,433.0,433.75,432.7,433.6,44446
1133,2019-02-22 09:55:00+05:30,433.55,434.6,433.05,434.2,103515
1134,2019-02-22 10:00:00+05:30,434.15,434.4,433.6,433.6,46057
1135,2019-02-22 10:05:00+05:30,433.6,434.3,433.3,434.2,42927
1136,2019-02-22 10:10:00+05:30,434.2,434.25,432.25,432.5,56712
1137,2019-02-22 10:15:00+05:30,432.5,433.35,432.4,432.65,55760
1138,2019-02-22 10:20:00+05:30,432.65,432.9,432.05,432.05,38337
1139,2019-02-22 10:25:00+05:30,432.05,432.5,431.7,431.75,83359
1140,2019-02-22 10:30:00+05:30,431.75,432.0,431.15,431.8,57084
1141,2019-02-22 10:35:00+05:30,431.8,432.75,431.55,432.0,46026
1142,2019-02-22 10:40:00+05:30,432.0,432.1,431.7,431.75,15453
1143,2019-02-22 10:45:00+05:30,431.75,432.5,431.7,432.3,18983
1144,2019-02-22 10:50:00+05:30,432.3,432.45,431.5,432.05,35808
1145,2019-02-22 10:55:00+05:30,432.2,432.9,431.3,431.5,73480
1146,2019-02-22 11:00:00+05:30,431.5,432.0,431.45,431.95,26077
1147,2019-02-22 11:05:00+05:30,432.25,432.5,432.1,432.3,20273
1148,2019-02-22 11:10:00+05:30,432.25,432.45,432.0,432.1,25768
1149,2019-02-22 11:15:00+05:30,432.1,432.5,432.1,432.4,15681
1150,2019-02-22 11:20:00+05:30,432.4,432.45,432.0,432.1,38075
1151,2019-02-22 11:25:00+05:30,432.1,433.0,432.0,432.6,58515
1152,2019-02-22 11:30:00+05:30,432.6,434.95,432.6,434.75,158231
1153,2019-02-22 11:35:00+05:30,434.7,436.6,434.65,436.15,323679
1154,2019-02-22 11:40:00+05:30,436.1,436.1,434.9,435.45,93584
1155,2019-02-22 11:45:00+05:30,435.45,435.6,434.3,434.55,55044
1156,2019-02-22 11:50:00+05:30,434.55,434.95,434.3,434.8,27904
1157,2019-02-22 11:55:00+05:30,434.8,434.8,433.75,434.0,46166
1158,2019-02-22 12:00:00+05:30,434.0,434.75,433.7,434.55,25367
1159,2019-02-22 12:05:00+05:30,434.5,434.5,433.15,433.4,31173
1160,2019-02-22 12:10:00+05:30,433.4,433.85,433.4,433.75,16279
1161,2019-02-22 12:15:00+05:30,433.75,434.0,433.2,433.3,20972
1162,2019-02-22 12:20:00+05:30,433.2,433.6,433.15,433.5,29027
1163,2019-02-22 12:25:00+05:30,433.5,433.6,432.75,433.0,31443
1164,2019-02-22 12:30:00+05:30,433.0,433.45,432.75,432.75,26140
1165,2019-02-22 12:35:00+05:30,432.5,432.8,431.7,432.4,59170
1166,2019-02-22 12:40:00+05:30,432.4,432.95,432.05,432.75,24361
1167,2019-02-22 12:45:00+05:30,432.85,432.85,432.1,432.2,32647
1168,2019-02-22 12:50:00+05:30,432.2,432.5,431.5,432.0,42433
1169,2019-02-22 12:55:00+05:30,432.0,432.75,431.8,432.45,20273
1170,2019-02-22 13:00:00+05:30,432.45,433.5,432.4,433.5,16325
1171,2019-02-22 13:05:00+05:30,433.5,433.5,431.6,431.8,29165
1172,2019-02-22 13:10:00+05:30,431.8,432.2,431.6,432.0,29688
1173,2019-02-22 13:15:00+05:30,432.0,432.0,431.6,431.65,16900
1174,2019-02-22 13:20:00+05:30,431.65,432.3,430.7,432.1,84510
1175,2019-02-22 13:25:00+05:30,432.15,432.15,431.5,432.0,65366
1176,2019-02-22 13:30:00+05:30,432.0,432.15,431.45,431.6,58557
1177,2019-02-22 13:35:00+05:30,431.55,431.7,430.8,431.35,49660
1178,2019-02-22 13:40:00+05:30,431.35,431.6,430.15,430.4,75968
1179,2019-02-22 13:45:00+05:30,430.4,430.45,429.5,430.2,93249
1180,2019-02-22 13:50:00+05:30,430.1,431.5,430.1,431.4,64350
1181,2019-02-22 13:55:00+05:30,431.4,431.95,430.9,431.45,35991
1182,2019-02-22 14:00:00+05:30,431.5,431.6,430.55,431.0,33260
1183,2019-02-22 14:05:00+05:30,431.0,431.7,430.85,431.2,23037
1184,2019-02-22 14:10:00+05:30,431.2,431.2,429.9,430.15,63397
1185,2019-02-22 14:15:00+05:30,430.15,430.55,429.35,430.25,98303
1186,2019-02-22 14:20:00+05:30,430.45,431.0,430.0,430.2,34204
1187,2019-02-22 14:25:00+05:30,430.2,430.7,430.05,430.7,28637
1188,2019-02-22 14:30:00+05:30,430.7,430.9,430.1,430.25,25853
1189,2019-02-22 14:35:00+05:30,430.25,430.6,429.55,430.6,50106
1190,2019-02-22 14:40:00+05:30,430.6,431.1,430.35,430.9,31232
1191,2019-02-22 14:45:00+05:30,430.9,431.15,430.4,430.7,24600
1192,2019-02-22 14:50:00+05:30,430.7,431.0,430.5,430.7,19864
1193,2019-02-22 14:55:00+05:30,430.65,430.8,429.7,429.95,34483
1194,2019-02-22 15:00:00+05:30,430.0,430.9,429.9,430.8,56467
1195,2019-02-22 15:05:00+05:30,430.85,431.0,430.75,430.95,82481
1196,2019-02-22 15:10:00+05:30,430.9,431.0,430.3,430.95,101517
1197,2019-02-22 15:15:00+05:30,430.8,430.95,430.25,430.65,126109
1198,2019-02-22 15:20:00+05:30,430.65,430.8,430.1,430.3,106322
1199,2019-02-22 15:25:00+05:30,430.25,430.4,428.7,428.95,114015
1200,2019-02-25 09:15:00+05:30,431.4,432.7,430.25,431.9,90938
1201,2019-02-25 09:20:00+05:30,432.0,433.15,431.65,432.85,65773
1202,2019-02-25 09:25:00+05:30,433.0,433.0,430.5,430.65,69908
1203,2019-02-25 09:30:00+05:30,430.65,430.7,428.7,428.7,89738
1204,2019-02-25 09:35:00+05:30,428.7,430.5,428.0,429.1,75397
1205,2019-02-25 09:40:00+05:30,429.1,429.5,428.25,428.6,64049
1206,2019-02-25 09:45:00+05:30,428.6,428.65,427.5,428.1,75684
1207,2019-02-25 09:50:00+05:30,428.15,429.45,428.0,428.75,38308
1208,2019-02-25 09:55:00+05:30,428.75,430.0,428.4,429.0,50714
1209,2019-02-25 10:00:00+05:30,429.0,431.4,429.0,431.0,73020
1210,2019-02-25 10:05:00+05:30,430.85,432.25,430.7,431.25,56843
1211,2019-02-25 10:10:00+05:30,431.4,431.6,430.55,430.7,34097
1212,2019-02-25 10:15:00+05:30,430.7,431.65,430.3,431.45,29053
1213,2019-02-25 10:20:00+05:30,431.4,431.55,430.75,431.15,24457
1214,2019-02-25 10:25:00+05:30,431.2,432.0,431.0,431.15,33614
1215,2019-02-25 10:30:00+05:30,431.1,431.9,431.0,431.8,19843
1216,2019-02-25 10:35:00+05:30,431.75,432.4,431.55,431.65,30611
1217,2019-02-25 10:40:00+05:30,431.65,432.6,431.35,432.05,31632
1218,2019-02-25 10:45:00+05:30,432.0,433.5,431.85,433.25,65480
1219,2019-02-25 10:50:00+05:30,433.25,434.4,432.7,434.1,90248
1220,2019-02-25 10:55:00+05:30,434.1,434.25,432.75,433.25,44406
1221,2019-02-25 11:00:00+05:30,433.25,433.6,432.8,433.05,23896
1222,2019-02-25 11:05:00+05:30,433.05,433.15,432.7,433.0,20064
1223,2019-02-25 11:10:00+05:30,432.95,433.75,432.85,433.2,25347
1224,2019-02-25 11:15:00+05:30,433.2,433.2,432.8,432.95,14346
1225,2019-02-25 11:20:00+05:30,432.95,433.0,432.3,432.3,21774
1226,2019-02-25 11:25:00+05:30,432.3,432.7,431.85,432.4,26386
1227,2019-02-25 11:30:00+05:30,432.4,432.9,432.25,432.75,8767
1228,2019-02-25 11:35:00+05:30,432.75,433.0,432.65,432.7,15814
1229,2019-02-25 11:40:00+05:30,432.7,434.45,432.15,434.25,104800
1230,2019-02-25 11:45:00+05:30,434.3,436.35,434.0,435.75,245906
1231,2019-02-25 11:50:00+05:30,435.7,436.7,435.0,435.1,136308
1232,2019-02-25 11:55:00+05:30,435.1,435.7,434.7,435.2,65780
1233,2019-02-25 12:00:00+05:30,435.2,435.95,434.7,435.85,160818
1234,2019-02-25 12:05:00+05:30,435.65,437.0,435.6,436.8,116408
1235,2019-02-25 12:10:00+05:30,437.0,438.25,436.5,437.65,231291
1236,2019-02-25 12:15:00+05:30,437.65,437.95,436.65,437.3,77118
1237,2019-02-25 12:20:00+05:30,437.25,438.0,436.8,436.9,97843
1238,2019-02-25 12:25:00+05:30,437.0,437.15,436.2,436.4,46412
1239,2019-02-25 12:30:00+05:30,436.35,436.8,435.7,435.9,43730
1240,2019-02-25 12:35:00+05:30,435.85,436.7,435.7,435.85,60782
1241,2019-02-25 12:40:00+05:30,435.85,437.4,435.2,437.4,117374
1242,2019-02-25 12:45:00+05:30,437.4,437.65,436.2,436.2,57744
1243,2019-02-25 12:50:00+05:30,436.2,436.8,435.6,436.0,51277
1244,2019-02-25 12:55:00+05:30,436.0,437.15,435.6,436.85,83765
1245,2019-02-25 13:00:00+05:30,436.85,437.15,436.0,436.2,35358
1246,2019-02-25 13:05:00+05:30,436.15,436.45,436.0,436.15,17825
1247,2019-02-25 13:10:00+05:30,436.1,436.8,436.05,436.6,20085
1248,2019-02-25 13:15:00+05:30,436.55,437.5,436.3,437.0,50272
1249,2019-02-25 13:20:00+05:30,437.0,437.4,436.9,436.95,30030
1250,2019-02-25 13:25:00+05:30,437.0,437.2,436.25,436.75,27103
1251,2019-02-25 13:30:00+05:30,436.7,438.65,436.65,437.9,160997
1252,2019-02-25 13:35:00+05:30,437.8,438.05,437.2,437.3,34202
1253,2019-02-25 13:40:00+05:30,437.25,437.5,436.5,436.75,46334
1254,2019-02-25 13:45:00+05:30,436.7,436.95,436.5,436.95,24380
1255,2019-02-25 13:50:00+05:30,436.95,437.2,436.75,436.9,27029
1256,2019-02-25 13:55:00+05:30,436.9,436.95,436.3,436.6,74315
1257,2019-02-25 14:00:00+05:30,436.6,437.25,436.5,437.05,37304
1258,2019-02-25 14:05:00+05:30,437.2,438.15,437.05,438.15,142439
1259,2019-02-25 14:10:00+05:30,438.05,438.1,437.0,437.5,49501
1260,2019-02-25 14:15:00+05:30,437.45,437.55,436.65,436.95,31068
1261,2019-02-25 14:20:00+05:30,436.9,437.5,436.8,437.35,20499
1262,2019-02-25 14:25:00+05:30,437.35,437.6,436.8,436.85,20414
1263,2019-02-25 14:30:00+05:30,437.0,437.3,436.4,436.6,40200
1264,2019-02-25 14:35:00+05:30,436.6,437.0,436.1,436.65,42907
1265,2019-02-25 14:40:00+05:30,436.85,437.0,436.4,437.0,23912
1266,2019-02-25 14:45:00+05:30,437.0,437.0,435.45,435.5,66032
1267,2019-02-25 14:50:00+05:30,435.7,436.2,435.4,436.2,63070
1268,2019-02-25 14:55:00+05:30,436.2,436.35,435.5,435.85,50644
1269,2019-02-25 15:00:00+05:30,435.7,436.5,435.55,436.0,64299
1270,2019-02-25 15:05:00+05:30,435.75,436.15,434.65,434.65,126864
1271,2019-02-25 15:10:00+05:30,434.5,437.0,434.45,436.8,140669
1272,2019-02-25 15:15:00+05:30,436.75,437.15,436.2,436.75,158923
1273,2019-02-25 15:20:00+05:30,436.75,436.85,436.05,436.1,128707
1274,2019-02-25 15:25:00+05:30,436.05,437.0,435.9,436.75,78639
1275,2019-02-26 09:15:00+05:30,430.5,432.5,428.15,429.9,234644
1276,2019-02-26 09:20:00+05:30,429.75,429.9,426.8,428.0,139157
1277,2019-02-26 09:25:00+05:30,428.0,429.85,427.8,429.2,85683
1278,2019-02-26 09:30:00+05:30,429.2,429.65,428.2,428.25,49202
1279,2019-02-26 09:35:00+05:30,428.35,428.7,427.65,427.75,50297
1280,2019-02-26 09:40:00+05:30,427.75,428.45,427.15,428.05,95582
1281,2019-02-26 09:45:00+05:30,428.05,428.8,427.65,427.75,43902
1282,2019-02-26 09:50:00+05:30,427.75,428.5,427.5,427.75,35809
1283,2019-02-26 09:55:00+05:30,427.8,427.8,425.5,426.1,123451
1284,2019-02-26 10:00:00+05:30,426.0,426.1,423.2,424.4,217037
1285,2019-02-26 10:05:00+05:30,424.5,425.1,424.05,424.1,69065
1286,2019-02-26 10:10:00+05:30,424.0,425.7,423.45,425.6,61851
1287,2019-02-26 10:15:00+05:30,425.55,425.55,424.15,425.0,47072
1288,2019-02-26 10:20:00+05:30,425.0,426.4,424.9,426.35,58175
1289,2019-02-26 10:25:00+05:30,426.35,427.45,425.9,427.45,64233
1290,2019-02-26 10:30:00+05:30,427.4,427.6,426.8,427.4,71944
1291,2019-02-26 10:35:00+05:30,427.45,428.6,427.2,428.05,76730
1292,2019-02-26 10:40:00+05:30,428.15,430.7,427.95,430.25,240096
1293,2019-02-26 10:45:00+05:30,430.25,430.9,430.0,430.55,71006
1294,2019-02-26 10:50:00+05:30,430.6,431.9,430.55,431.6,85558
1295,2019-02-26 10:55:00+05:30,431.6,432.75,431.45,432.1,103861
1296,2019-02-26 11:00:00+05:30,432.1,433.0,431.85,432.4,62826
1297,2019-02-26 11:05:00+05:30,432.35,432.85,431.85,432.65,49177
1298,2019-02-26 11:10:00+05:30,432.65,434.05,432.45,433.4,91200
1299,2019-02-26 11:15:00+05:30,433.35,435.65,433.1,435.5,112880
1300,2019-02-26 11:20:00+05:30,435.45,436.0,434.3,434.55,99637
1301,2019-02-26 11:25:00+05:30,434.65,434.75,433.35,433.95,61332
1302,2019-02-26 11:30:00+05:30,433.95,434.7,433.7,434.15,36469
1303,2019-02-26 11:35:00+05:30,434.1,435.5,434.1,434.75,54897
1304,2019-02-26 11:40:00+05:30,434.7,437.8,434.6,437.7,124786
1305,2019-02-26 11:45:00+05:30,437.7,437.8,436.75,436.85,109385
1306,2019-02-26 11:50:00+05:30,437.0,437.45,436.5,436.6,39065
1307,2019-02-26 11:55:00+05:30,436.6,436.75,435.3,435.6,112230
1308,2019-02-26 12:00:00+05:30,435.6,435.95,434.5,435.35,115402
1309,2019-02-26 12:05:00+05:30,435.35,435.9,434.8,435.8,23398
1310,2019-02-26 12:10:00+05:30,435.8,435.9,435.1,435.3,20312
1311,2019-02-26 12:15:00+05:30,435.3,435.3,434.6,434.85,34228
1312,2019-02-26 12:20:00+05:30,434.9,436.8,434.7,436.15,36190
1313,2019-02-26 12:25:00+05:30,436.05,436.25,435.3,436.1,27263
1314,2019-02-26 12:30:00+05:30,436.15,436.5,435.75,436.3,35617
1315,2019-02-26 12:35:00+05:30,436.3,437.3,436.25,436.85,85225
1316,2019-02-26 12:40:00+05:30,436.85,437.85,436.8,436.8,64504
1317,2019-02-26 12:45:00+05:30,436.8,437.5,435.3,435.4,49991
1318,2019-02-26 12:50:00+05:30,435.4,436.0,435.15,435.55,23797
1319,2019-02-26 12:55:00+05:30,435.5,435.8,434.9,435.6,27900
1320,2019-02-26 13:00:00+05:30,435.6,436.5,435.5,436.3,25954
1321,2019-02-26 13:05:00+05:30,436.3,436.9,435.75,436.85,18250
1322,2019-02-26 13:10:00+05:30,436.85,437.0,435.9,436.2,22327
1323,2019-02-26 13:15:00+05:30,436.2,436.5,435.7,435.75,20061
1324,2019-02-26 13:20:00+05:30,435.8,435.95,435.0,435.35,26347
1325,2019-02-26 13:25:00+05:30,435.5,436.4,435.25,436.05,14357
1326,2019-02-26 13:30:00+05:30,436.05,436.2,435.35,436.2,22573
1327,2019-02-26 13:35:00+05:30,436.2,436.2,434.8,434.8,31374
1328,2019-02-26 13:40:00+05:30,434.8,435.4,434.4,435.0,36981
1329,2019-02-26 13:45:00+05:30,435.0,436.4,434.9,436.15,27686
1330,2019-02-26 13:50:00+05:30,436.15,437.4,436.15,437.05,57116
1331,2019-02-26 13:55:00+05:30,437.05,439.55,436.55,439.4,143320
1332,2019-02-26 14:00:00+05:30,439.3,440.0,438.6,439.7,156401
1333,2019-02-26 14:05:00+05:30,439.8,439.9,438.7,438.8,60777
1334,2019-02-26 14:10:00+05:30,438.8,439.3,438.5,438.9,53375
1335,2019-02-26 14:15:00+05:30,438.9,439.0,438.55,438.6,28581
1336,2019-02-26 14:20:00+05:30,438.5,438.9,438.35,438.6,41344
1337,2019-02-26 14:25:00+05:30,438.6,439.5,438.5,438.7,52118
1338,2019-02-26 14:30:00+05:30,438.7,439.8,438.7,439.3,28430
1339,2019-02-26 14:35:00+05:30,439.25,439.9,439.05,439.15,48533
1340,2019-02-26 14:40:00+05:30,439.15,439.15,437.7,438.15,79798
1341,2019-02-26 14:45:00+05:30,438.4,438.4,437.2,438.0,55635
1342,2019-02-26 14:50:00+05:30,438.0,438.0,435.7,436.15,86283
1343,2019-02-26 14:55:00+05:30,436.15,436.75,435.25,436.0,57612
1344,2019-02-26 15:00:00+05:30,435.95,436.3,435.3,435.9,67303
1345,2019-02-26 15:05:00+05:30,435.9,436.3,435.5,435.85,72126
1346,2019-02-26 15:10:00+05:30,435.8,436.8,435.7,435.7,106162
1347,2019-02-26 15:15:00+05:30,435.7,436.1,435.25,435.7,107492
1348,2019-02-26 15:20:00+05:30,435.7,436.4,435.35,435.85,91568
1349,2019-02-26 15:25:00+05:30,435.85,435.95,434.5,435.0,81678
1350,2019-02-27 09:15:00+05:30,436.5,442.0,436.25,441.7,231331
1351,2019-02-27 09:20:00+05:30,441.6,444.2,441.6,444.2,203425
1352,2019-02-27 09:25:00+05:30,444.1,447.5,444.05,446.9,696838
1353,2019-02-27 09:30:00+05:30,446.75,447.8,446.05,446.45,306601
1354,2019-02-27 09:35:00+05:30,446.4,449.4,446.3,448.6,358644
1355,2019-02-27 09:40:00+05:30,448.6,448.9,447.7,447.7,175169
1356,2019-02-27 09:45:00+05:30,447.65,448.5,446.9,447.1,170691
1357,2019-02-27 09:50:00+05:30,447.25,450.0,446.95,448.95,390240
1358,2019-02-27 09:55:00+05:30,449.0,449.95,448.45,448.8,189501
1359,2019-02-27 10:00:00+05:30,449.4,449.85,448.45,448.65,134137
1360,2019-02-27 10:05:00+05:30,448.65,448.9,447.55,447.75,135610
1361,2019-02-27 10:10:00+05:30,447.55,448.5,447.55,448.35,82331
1362,2019-02-27 10:15:00+05:30,448.3,448.85,447.5,447.8,99567
1363,2019-02-27 10:20:00+05:30,447.8,448.6,447.6,448.05,121100
1364,2019-02-27 10:25:00+05:30,448.05,449.95,448.05,449.85,220927
1365,2019-02-27 10:30:00+05:30,449.85,451.6,449.7,450.45,596801
1366,2019-02-27 10:35:00+05:30,450.45,451.3,450.25,450.75,139176
1367,2019-02-27 10:40:00+05:30,450.75,450.8,449.5,450.0,120106
1368,2019-02-27 10:45:00+05:30,450.0,450.05,449.4,449.65,58102
1369,2019-02-27 10:50:00+05:30,449.7,450.9,449.7,449.85,97466
1370,2019-02-27 10:55:00+05:30,449.75,450.0,449.2,449.5,62506
1371,2019-02-27 11:00:00+05:30,449.45,449.8,449.1,449.2,72168
1372,2019-02-27 11:05:00+05:30,449.2,449.5,448.4,448.4,82791
1373,2019-02-27 11:10:00+05:30,448.45,448.75,448.1,448.6,67089
1374,2019-02-27 11:15:00+05:30,448.45,448.6,445.25,446.0,294487
1375,2019-02-27 11:20:00+05:30,446.15,446.4,444.15,444.35,374843
1376,2019-02-27 11:25:00+05:30,444.5,444.75,441.9,443.2,317724
1377,2019-02-27 11:30:00+05:30,443.25,446.05,443.25,444.7,198266
1378,2019-02-27 11:35:00+05:30,444.4,444.7,442.4,443.2,149753
1379,2019-02-27 11:40:00+05:30,443.2,443.2,440.7,441.7,329110
1380,2019-02-27 11:45:00+05:30,441.7,445.25,441.45,445.05,303706
1381,2019-02-27 11:50:00+05:30,444.95,445.4,444.65,445.0,173759
1382,2019-02-27 11:55:00+05:30,445.0,445.35,444.0,444.0,213599
1383,2019-02-27 12:00:00+05:30,444.05,444.1,439.45,439.75,429286
1384,2019-02-27 12:05:00+05:30,439.75,440.2,437.0,439.45,353033
1385,2019-02-27 12:10:00+05:30,439.5,440.0,436.25,438.3,236066
1386,2019-02-27 12:15:00+05:30,438.25,440.8,438.1,440.3,159859
1387,2019-02-27 12:20:00+05:30,440.35,441.75,440.2,440.7,166641
1388,2019-02-27 12:25:00+05:30,440.9,444.9,440.7,443.65,401511
1389,2019-02-27 12:30:00+05:30,443.75,444.0,441.0,441.3,181501
1390,2019-02-27 12:35:00+05:30,441.25,442.75,441.25,442.7,66291
1391,2019-02-27 12:40:00+05:30,442.25,442.4,441.5,442.1,74002
1392,2019-02-27 12:45:00+05:30,442.1,443.2,441.5,442.05,50917
1393,2019-02-27 12:50:00+05:30,442.0,442.8,441.7,442.1,48996
1394,2019-02-27 12:55:00+05:30,442.15,442.2,440.15,440.3,139043
1395,2019-02-27 13:00:00+05:30,440.25,442.5,440.0,442.35,61196
1396,2019-02-27 13:05:00+05:30,442.35,442.75,442.0,442.15,31417
1397,2019-02-27 13:10:00+05:30,442.25,442.45,441.25,441.65,23739
1398,2019-02-27 13:15:00+05:30,441.65,441.9,441.05,441.3,23849
1399,2019-02-27 13:20:00+05:30,441.45,441.45,439.0,439.2,96791
1400,2019-02-27 13:25:00+05:30,439.25,440.15,439.15,439.5,87534
1401,2019-02-27 13:30:00+05:30,439.3,443.2,439.3,442.5,103305
1402,2019-02-27 13:35:00+05:30,442.7,444.5,442.15,443.15,167691
1403,2019-02-27 13:40:00+05:30,443.15,444.5,443.1,443.75,92207
1404,2019-02-27 13:45:00+05:30,443.75,443.75,442.05,442.45,66367
1405,2019-02-27 13:50:00+05:30,442.5,443.8,442.5,443.7,49655
1406,2019-02-27 13:55:00+05:30,443.55,444.5,443.5,443.9,59392
1407,2019-02-27 14:00:00+05:30,443.9,444.45,443.5,444.4,39456
1408,2019-02-27 14:05:00+05:30,444.4,446.4,444.05,445.85,174116
1409,2019-02-27 14:10:00+05:30,445.85,445.85,443.65,443.7,89599
1410,2019-02-27 14:15:00+05:30,443.7,444.25,442.2,442.7,71842
1411,2019-02-27 14:20:00+05:30,442.7,444.1,442.55,443.5,60507
1412,2019-02-27 14:25:00+05:30,443.5,444.4,443.05,443.95,49098
1413,2019-02-27 14:30:00+05:30,443.75,444.25,442.8,442.95,62615
1414,2019-02-27 14:35:00+05:30,443.2,443.2,441.5,441.75,118171
1415,2019-02-27 14:40:00+05:30,441.9,442.65,441.75,442.05,72490
1416,2019-02-27 14:45:00+05:30,442.0,442.5,441.5,442.45,55230
1417,2019-02-27 14:50:00+05:30,442.45,442.85,441.75,442.65,54470
1418,2019-02-27 14:55:00+05:30,442.6,443.5,442.3,443.35,110772
1419,2019-02-27 15:00:00+05:30,443.4,444.5,443.2,443.85,138329
1420,2019-02-27 15:05:00+05:30,443.85,444.35,443.15,443.5,63322
1421,2019-02-27 15:10:00+05:30,443.6,443.85,442.5,442.7,110334
1422,2019-02-27 15:15:00+05:30,442.7,443.6,442.5,443.0,263921
1423,2019-02-27 15:20:00+05:30,442.8,443.3,441.05,441.05,174788
1424,2019-02-27 15:25:00+05:30,441.1,441.75,440.35,441.35,179277
1425,2019-02-28 09:15:00+05:30,446.6,446.6,445.0,445.85,222618
1426,2019-02-28 09:20:00+05:30,446.0,446.15,444.1,444.55,136309
1427,2019-02-28 09:25:00+05:30,444.45,446.95,444.45,446.9,120187
1428,2019-02-28 09:30:00+05:30,446.9,448.35,446.0,446.85,257425
1429,2019-02-28 09:35:00+05:30,446.9,447.45,446.0,446.15,120342
1430,2019-02-28 09:40:00+05:30,446.1,446.9,444.95,446.8,150746
1431,2019-02-28 09:45:00+05:30,446.6,448.0,446.5,447.45,143981
1432,2019-02-28 09:50:00+05:30,447.3,448.85,447.2,448.75,112823
1433,2019-02-28 09:55:00+05:30,448.65,449.7,448.5,449.4,258134
1434,2019-02-28 10:00:00+05:30,449.3,449.45,448.15,449.0,159939
1435,2019-02-28 10:05:00+05:30,449.1,450.0,449.0,449.9,230281
1436,2019-02-28 10:10:00+05:30,449.9,450.75,449.25,449.3,254690
1437,2019-02-28 10:15:00+05:30,449.5,450.8,449.0,450.55,158977
1438,2019-02-28 10:20:00+05:30,450.6,451.45,450.5,451.05,219391
1439,2019-02-28 10:25:00+05:30,450.85,451.0,450.15,450.3,109582
1440,2019-02-28 10:30:00+05:30,450.35,450.35,449.65,449.85,96268
1441,2019-02-28 10:35:00+05:30,450.0,450.0,449.05,449.3,97590
1442,2019-02-28 10:40:00+05:30,449.3,450.95,449.0,450.8,155337
1443,2019-02-28 10:45:00+05:30,450.8,451.0,450.0,450.1,67632
1444,2019-02-28 10:50:00+05:30,450.0,450.05,449.1,449.3,66272
1445,2019-02-28 10:55:00+05:30,449.25,449.3,447.55,447.75,177963
1446,2019-02-28 11:00:00+05:30,447.75,449.0,447.55,448.9,82512
1447,2019-02-28 11:05:00+05:30,448.95,449.6,448.85,449.15,49671
1448,2019-02-28 11:10:00+05:30,449.15,449.15,447.8,448.45,52995
1449,2019-02-28 11:15:00+05:30,448.5,449.0,448.3,448.55,26011
1450,2019-02-28 11:20:00+05:30,448.55,448.7,448.0,448.3,25305
1451,2019-02-28 11:25:00+05:30,448.25,448.35,447.4,448.0,79815
1452,2019-02-28 11:30:00+05:30,447.95,448.8,447.85,448.25,38489
1453,2019-02-28 11:35:00+05:30,448.25,449.6,448.25,449.6,56916
1454,2019-02-28 11:40:00+05:30,449.6,449.95,448.65,448.75,63740
1455,2019-02-28 11:45:00+05:30,448.75,449.25,448.1,449.2,43192
1456,2019-02-28 11:50:00+05:30,449.15,449.2,448.2,448.3,17663
1457,2019-02-28 11:55:00+05:30,448.3,448.5,447.45,447.8,58580
1458,2019-02-28 12:00:00+05:30,447.8,448.75,447.5,448.05,30832
1459,2019-02-28 12:05:00+05:30,448.05,448.5,447.95,448.15,18633
1460,2019-02-28 12:10:00+05:30,448.15,448.65,448.05,448.3,28550
1461,2019-02-28 12:15:00+05:30,448.4,448.8,448.25,448.65,26318
1462,2019-02-28 12:20:00+05:30,448.65,449.65,448.5,449.6,82750
1463,2019-02-28 12:25:00+05:30,449.55,449.65,448.15,448.35,55751
1464,2019-02-28 12:30:00+05:30,448.35,448.35,445.75,446.0,230180
1465,2019-02-28 12:35:00+05:30,446.0,446.9,445.8,446.7,118772
1466,2019-02-28 12:40:00+05:30,446.7,447.45,446.7,447.05,49267
1467,2019-02-28 12:45:00+05:30,447.05,447.85,447.0,447.55,37221
1468,2019-02-28 12:50:00+05:30,447.55,447.55,446.55,446.7,34776
1469,2019-02-28 12:55:00+05:30,446.6,446.8,446.25,446.5,37598
1470,2019-02-28 13:00:00+05:30,446.5,446.8,445.7,446.3,70134
1471,2019-02-28 13:05:00+05:30,446.3,446.6,445.8,445.95,44201
1472,2019-02-28 13:10:00+05:30,445.9,446.65,445.7,446.1,41282
1473,2019-02-28 13:15:00+05:30,446.1,447.5,446.0,447.25,44085
1474,2019-02-28 13:20:00+05:30,447.25,448.5,447.05,447.25,105384
1475,2019-02-28 13:25:00+05:30,447.3,447.5,446.2,446.55,29694
1476,2019-02-28 13:30:00+05:30,446.5,448.45,446.4,448.45,45465
1477,2019-02-28 13:35:00+05:30,448.45,448.75,447.7,447.8,60218
1478,2019-02-28 13:40:00+05:30,447.8,448.45,447.4,448.3,38761
1479,2019-02-28 13:45:00+05:30,448.25,448.5,447.5,447.75,37295
1480,2019-02-28 13:50:00+05:30,447.75,448.4,447.55,447.65,30053
1481,2019-02-28 13:55:00+05:30,447.65,447.9,446.7,447.65,57017
1482,2019-02-28 14:00:00+05:30,447.6,448.0,447.2,448.0,30518
1483,2019-02-28 14:05:00+05:30,448.0,448.45,447.75,448.0,39294
1484,2019-02-28 14:10:00+05:30,448.0,448.2,447.8,448.2,34208
1485,2019-02-28 14:15:00+05:30,448.0,448.1,447.35,447.55,29250
1486,2019-02-28 14:20:00+05:30,447.5,447.9,447.5,447.55,22284
1487,2019-02-28 14:25:00+05:30,447.55,447.7,446.75,447.25,67904
1488,2019-02-28 14:30:00+05:30,447.25,448.25,447.25,448.2,89031
1489,2019-02-28 14:35:00+05:30,448.1,448.4,447.5,447.95,45360
1490,2019-02-28 14:40:00+05:30,448.0,448.3,447.25,447.25,68204
1491,2019-02-28 14:45:00+05:30,447.25,447.75,447.0,447.4,82553
1492,2019-02-28 14:50:00+05:30,447.15,447.5,446.75,446.75,61420
1493,2019-02-28 14:55:00+05:30,446.75,447.05,446.0,446.65,119262
1494,2019-02-28 15:00:00+05:30,446.65,446.65,443.85,444.6,884169
1495,2019-02-28 15:05:00+05:30,444.5,444.85,442.1,442.5,869803
1496,2019-02-28 15:10:00+05:30,442.45,445.0,442.45,445.0,820908
1497,2019-02-28 15:15:00+05:30,445.05,446.35,444.5,446.15,869083
1498,2019-02-28 15:20:00+05:30,446.0,447.3,445.8,446.1,791825
1499,2019-02-28 15:25:00+05:30,446.1,448.5,446.0,446.5,652246
